NIC,Numero inventario,Nombre Articulo,Marca,Modelo,Numero serie,Color,Numeral,Valor,Folio de Tramite Procedente,Fecha de Asignacion,Fecha de Adquisicion,Estatus
5140589,3414132,CORNETA INFANTIL,,,Sin serie,PERLA,1,531.40,SEIEM/INV/Salida Almacen/5771/2017,13/06/2017,13/06/2017,Activo
5140590,3414133,CORNETA INFANTIL,,,Sin serie,PERLA,2,531.40,SEIEM/INV/Salida Almacen/5771/2017,13/06/2017,13/06/2017,Activo
5140591,3414134,CORNETA INFANTIL,,,Sin serie,PERLA,3,531.40,SEIEM/INV/Salida Almacen/5771/2017,13/06/2017,13/06/2017,Activo
5140592,3414135,CORNETA INFANTIL,,,Sin serie,PERLA,4,531.40,SEIEM/INV/Salida Almacen/5771/2017,13/06/2017,13/06/2017,Activo
5140593,3414136,CORNETA INFANTIL,,,Sin serie,PERLA,5,531.40,SEIEM/INV/Salida Almacen/5771/2017,13/06/2017,13/06/2017,Activo
5140594,3414137,CORNETA INFANTIL,,,Sin serie,PERLA,6,531.40,SEIEM/INV/Salida Almacen/5771/2017,13/06/2017,13/06/2017,Activo
5140595,3414138,TAMBOR INFANTIL,,,Sin serie,BLANCO,7,656.42,SEIEM/INV/Salida Almacen/5771/2017,13/06/2017,13/06/2017,Activo
5140596,3414139,TAMBOR INFANTIL,,,Sin serie,BLANCO,8,656.42,SEIEM/INV/Salida Almacen/5771/2017,13/06/2017,13/06/2017,Activo
5140597,3414140,TAMBOR INFANTIL,,,Sin serie,BLANCO,9,656.42,SEIEM/INV/Salida Almacen/5771/2017,13/06/2017,13/06/2017,Activo
5140598,3414141,TAMBOR INFANTIL,,,Sin serie,BLANCO,10,656.42,SEIEM/INV/Salida Almacen/5771/2017,13/06/2017,13/06/2017,Activo
5140599,3414142,TAMBOR INFANTIL,,,Sin serie,BLANCO,11,656.42,SEIEM/INV/Salida Almacen/5771/2017,13/06/2017,13/06/2017,Activo
5140600,3414143,TAMBOR INFANTIL,,,Sin serie,BLANCO,12,656.42,SEIEM/INV/Salida Almacen/5771/2017,13/06/2017,13/06/2017,Activo
5140601,3414144,TAMBOR INFANTIL,,,Sin serie,BLANCO,13,656.42,SEIEM/INV/Salida Almacen/5771/2017,13/06/2017,13/06/2017,Activo
6886779,6097678/21,ESCRITORIO,NA,PARA MAESTRO CON FALDONES,,NO DEFINIDO,14,4225.00,SEIEM/DON/2405/21,09/07/2021,09/07/2021,Activo
6886780,6097679/21,ESCRITORIO,NA,PARA MAESTRO CON FALDONES,,NO DEFINIDO,15,4225.00,SEIEM/DON/2405/21,09/07/2021,09/07/2021,Activo
6886781,6097680/21,MESA TRAPEZOIDAL PREESCOLAR,NA,NA,,NO DEFINIDO,16,1240.60,SEIEM/DON/2405/21,09/07/2021,09/07/2021,Activo
6886782,6097681/21,MESA TRAPEZOIDAL PREESCOLAR,NA,NA,,NO DEFINIDO,17,1240.60,SEIEM/DON/2405/21,09/07/2021,09/07/2021,Activo
6886783,6097682/21,MESA TRAPEZOIDAL PREESCOLAR,NA,NA,,NO DEFINIDO,18,1240.60,SEIEM/DON/2405/21,09/07/2021,09/07/2021,Activo
6886784,6097683/21,MESA TRAPEZOIDAL PREESCOLAR,NA,NA,,NO DEFINIDO,19,1240.60,SEIEM/DON/2405/21,09/07/2021,09/07/2021,Activo
6886785,6097684/21,MESA TRAPEZOIDAL PREESCOLAR,NA,NA,,NO DEFINIDO,20,1240.60,SEIEM/DON/2405/21,09/07/2021,09/07/2021,Activo
6886786,6097685/21,MESA TRAPEZOIDAL PREESCOLAR,NA,NA,,NO DEFINIDO,21,1240.60,SEIEM/DON/2405/21,09/07/2021,09/07/2021,Activo
6886787,6097686/21,MESA TRAPEZOIDAL PREESCOLAR,NA,NA,,NO DEFINIDO,22,1240.60,SEIEM/DON/2405/21,09/07/2021,09/07/2021,Activo
6886788,6097687/21,MESA TRAPEZOIDAL PREESCOLAR,NA,NA,,NO DEFINIDO,23,1240.60,SEIEM/DON/2405/21,09/07/2021,09/07/2021,Activo
6886789,6097688/21,MESA TRAPEZOIDAL PREESCOLAR,NA,NA,,NO DEFINIDO,24,1240.60,SEIEM/DON/2405/21,09/07/2021,09/07/2021,Activo
6886790,6097689/21,MESA TRAPEZOIDAL PREESCOLAR,NA,NA,,NO DEFINIDO,25,1240.60,SEIEM/DON/2405/21,09/07/2021,09/07/2021,Activo
6886791,6097690/21,MESA TRAPEZOIDAL PREESCOLAR,NA,NA,,NO DEFINIDO,26,1240.60,SEIEM/DON/2405/21,09/07/2021,09/07/2021,Activo
6886792,6097691/21,MESA TRAPEZOIDAL PREESCOLAR,NA,NA,,NO DEFINIDO,27,1240.60,SEIEM/DON/2405/21,09/07/2021,09/07/2021,Activo
6886793,6097692/21,MESA TRAPEZOIDAL PREESCOLAR,NA,NA,,NO DEFINIDO,28,1240.60,SEIEM/DON/2405/21,09/07/2021,09/07/2021,Activo
6886794,6097693/21,MESA TRAPEZOIDAL PREESCOLAR,NA,NA,,NO DEFINIDO,29,1240.60,SEIEM/DON/2405/21,09/07/2021,09/07/2021,Activo
6886795,6097694/21,MESA TRAPEZOIDAL PREESCOLAR,NA,NA,,NO DEFINIDO,30,1240.60,SEIEM/DON/2405/21,09/07/2021,09/07/2021,Activo
6886796,6097695/21,MESA TRAPEZOIDAL PREESCOLAR,NA,NA,,NO DEFINIDO,31,1240.60,SEIEM/DON/2405/21,09/07/2021,09/07/2021,Activo
6886797,6097696/21,MESA TRAPEZOIDAL PREESCOLAR,NA,NA,,NO DEFINIDO,32,1240.60,SEIEM/DON/2405/21,09/07/2021,09/07/2021,Activo
6886798,6097697/21,MESA TRAPEZOIDAL PREESCOLAR,NA,NA,,NO DEFINIDO,33,1240.60,SEIEM/DON/2405/21,09/07/2021,09/07/2021,Activo
6886799,6097698/21,MESA TRAPEZOIDAL PREESCOLAR,NA,NA,,NO DEFINIDO,34,1240.60,SEIEM/DON/2405/21,09/07/2021,09/07/2021,Activo
6886800,6097699/21,MESA TRAPEZOIDAL PREESCOLAR,NA,NA,,NO DEFINIDO,35,1240.60,SEIEM/DON/2405/21,09/07/2021,09/07/2021,Activo
6886801,6097700/21,MESA TRAPEZOIDAL PREESCOLAR,NA,NA,,NO DEFINIDO,36,1240.60,SEIEM/DON/2405/21,09/07/2021,09/07/2021,Activo
6886802,6097701/21,MESA TRAPEZOIDAL PREESCOLAR,NA,NA,,NO DEFINIDO,37,1240.60,SEIEM/DON/2405/21,09/07/2021,09/07/2021,Activo
6886803,6097702/21,MESA TRAPEZOIDAL PREESCOLAR,NA,NA,,NO DEFINIDO,38,1240.60,SEIEM/DON/2405/21,09/07/2021,09/07/2021,Activo
6886804,6097703/21,MESA TRAPEZOIDAL PREESCOLAR,NA,NA,,NO DEFINIDO,39,1240.60,SEIEM/DON/2405/21,09/07/2021,09/07/2021,Activo
6886805,6097704/21,MESA TRAPEZOIDAL PREESCOLAR,NA,NA,,NO DEFINIDO,40,1240.60,SEIEM/DON/2405/21,09/07/2021,09/07/2021,Activo
6886806,6097705/21,MESA TRAPEZOIDAL PREESCOLAR,NA,NA,,NO DEFINIDO,41,1240.60,SEIEM/DON/2405/21,09/07/2021,09/07/2021,Activo
6886807,6097706/21,MESA TRAPEZOIDAL PREESCOLAR,NA,NA,,NO DEFINIDO,42,1240.60,SEIEM/DON/2405/21,09/07/2021,09/07/2021,Activo
6886808,6097707/21,MESA TRAPEZOIDAL PREESCOLAR,NA,NA,,NO DEFINIDO,43,1240.60,SEIEM/DON/2405/21,09/07/2021,09/07/2021,Activo
6886809,6097708/21,MESA TRAPEZOIDAL PREESCOLAR,NA,NA,,NO DEFINIDO,44,1240.60,SEIEM/DON/2405/21,09/07/2021,09/07/2021,Activo
6886810,6097709/21,MESA TRAPEZOIDAL PREESCOLAR,NA,NA,,NO DEFINIDO,45,1240.60,SEIEM/DON/2405/21,09/07/2021,09/07/2021,Activo
6886811,6097710/21,MESA TRAPEZOIDAL PREESCOLAR,NA,NA,,NO DEFINIDO,46,1240.60,SEIEM/DON/2405/21,09/07/2021,09/07/2021,Activo
6886812,6097711/21,MESA TRAPEZOIDAL PREESCOLAR,NA,NA,,NO DEFINIDO,47,1240.60,SEIEM/DON/2405/21,09/07/2021,09/07/2021,Activo
6886813,6097712/21,MESA TRAPEZOIDAL PREESCOLAR,NA,NA,,NO DEFINIDO,48,1240.60,SEIEM/DON/2405/21,09/07/2021,09/07/2021,Activo
6886814,6097713/21,MESA TRAPEZOIDAL PREESCOLAR,NA,NA,,NO DEFINIDO,49,1240.60,SEIEM/DON/2405/21,09/07/2021,09/07/2021,Activo
6886815,6097714/21,MESA TRAPEZOIDAL PREESCOLAR,NA,NA,,NO DEFINIDO,50,1240.60,SEIEM/DON/2405/21,09/07/2021,09/07/2021,Activo
6886816,6097715/21,MESA TRAPEZOIDAL PREESCOLAR,NA,NA,,NO DEFINIDO,51,1240.60,SEIEM/DON/2405/21,09/07/2021,09/07/2021,Activo
6886817,6097716/21,MESA TRAPEZOIDAL PREESCOLAR,NA,NA,,NO DEFINIDO,52,1240.60,SEIEM/DON/2405/21,09/07/2021,09/07/2021,Activo
6886818,6097717/21,MESA TRAPEZOIDAL PREESCOLAR,NA,NA,,NO DEFINIDO,53,1240.60,SEIEM/DON/2405/21,09/07/2021,09/07/2021,Activo
6886819,6097718/21,MESA TRAPEZOIDAL PREESCOLAR,NA,NA,,NO DEFINIDO,54,1240.60,SEIEM/DON/2405/21,09/07/2021,09/07/2021,Activo
6886820,6097719/21,MESA TRAPEZOIDAL PREESCOLAR,NA,NA,,NO DEFINIDO,55,1240.60,SEIEM/DON/2405/21,09/07/2021,09/07/2021,Activo
6886821,6097720/21,MUEBLE,NA,PARA GUARDADO,,NO DEFINIDO,56,3861.09,SEIEM/DON/2405/21,09/07/2021,09/07/2021,Activo
6886822,6097721/21,MUEBLE,NA,PARA GUARDADO,,NO DEFINIDO,57,3861.09,SEIEM/DON/2405/21,09/07/2021,09/07/2021,Activo
6886823,6097722/21,MUEBLE,NA,PARA GUARDADO,,NO DEFINIDO,58,3861.09,SEIEM/DON/2405/21,09/07/2021,09/07/2021,Activo
6886824,6097723/21,MUEBLE,NA,PARA GUARDADO,,NO DEFINIDO,59,3861.09,SEIEM/DON/2405/21,09/07/2021,09/07/2021,Activo
6886825,6097724/21,PIZARRON,NA,NA,,BLANCO,60,2783.00,SEIEM/DON/2405/21,09/07/2021,09/07/2021,Activo
6886826,6097725/21,PIZARRON,NA,NA,,BLANCO,61,2783.00,SEIEM/DON/2405/21,09/07/2021,09/07/2021,Activo
6886827,6097726/21,SILLA ACOGINABLE,NA,NA,,NO DEFINIDO,62,1086.00,SEIEM/DON/2405/21,09/07/2021,09/07/2021,Activo
6886828,6097727/21,SILLA ACOGINABLE,NA,NA,,NO DEFINIDO,63,1086.00,SEIEM/DON/2405/21,09/07/2021,09/07/2021,Activo
6886829,6097728/21,SILLA PARA JARDIN DE NIÑOS,NA,NA,,NO DEFINIDO,64,496.20,SEIEM/DON/2405/21,09/07/2021,09/07/2021,Activo
6886830,6097729/21,SILLA PARA JARDIN DE NIÑOS,NA,NA,,NO DEFINIDO,65,496.20,SEIEM/DON/2405/21,09/07/2021,09/07/2021,Activo
6886831,6097730/21,SILLA PARA JARDIN DE NIÑOS,NA,NA,,NO DEFINIDO,66,496.20,SEIEM/DON/2405/21,09/07/2021,09/07/2021,Activo
6886832,6097731/21,SILLA PARA JARDIN DE NIÑOS,NA,NA,,NO DEFINIDO,67,496.20,SEIEM/DON/2405/21,09/07/2021,09/07/2021,Activo
6886833,6097732/21,SILLA PARA JARDIN DE NIÑOS,NA,NA,,NO DEFINIDO,68,496.20,SEIEM/DON/2405/21,09/07/2021,09/07/2021,Activo
6886834,6097733/21,SILLA PARA JARDIN DE NIÑOS,NA,NA,,NO DEFINIDO,69,496.20,SEIEM/DON/2405/21,09/07/2021,09/07/2021,Activo
6886835,6097734/21,SILLA PARA JARDIN DE NIÑOS,NA,NA,,NO DEFINIDO,70,496.20,SEIEM/DON/2405/21,09/07/2021,09/07/2021,Activo
6886836,6097735/21,SILLA PARA JARDIN DE NIÑOS,NA,NA,,NO DEFINIDO,71,496.20,SEIEM/DON/2405/21,09/07/2021,09/07/2021,Activo
6886837,6097736/21,SILLA PARA JARDIN DE NIÑOS,NA,NA,,NO DEFINIDO,72,496.20,SEIEM/DON/2405/21,09/07/2021,09/07/2021,Activo
6886838,6097737/21,SILLA PARA JARDIN DE NIÑOS,NA,NA,,NO DEFINIDO,73,496.20,SEIEM/DON/2405/21,09/07/2021,09/07/2021,Activo
6886839,6097738/21,SILLA PARA JARDIN DE NIÑOS,NA,NA,,NO DEFINIDO,74,496.20,SEIEM/DON/2405/21,09/07/2021,09/07/2021,Activo
6886840,6097739/21,SILLA PARA JARDIN DE NIÑOS,NA,NA,,NO DEFINIDO,75,496.20,SEIEM/DON/2405/21,09/07/2021,09/07/2021,Activo
6886841,6097740/21,SILLA PARA JARDIN DE NIÑOS,NA,NA,,NO DEFINIDO,76,496.20,SEIEM/DON/2405/21,09/07/2021,09/07/2021,Activo
6886842,6097741/21,SILLA PARA JARDIN DE NIÑOS,NA,NA,,NO DEFINIDO,77,496.20,SEIEM/DON/2405/21,09/07/2021,09/07/2021,Activo
6886843,6097742/21,SILLA PARA JARDIN DE NIÑOS,NA,NA,,NO DEFINIDO,78,496.20,SEIEM/DON/2405/21,09/07/2021,09/07/2021,Activo
6886844,6097743/21,SILLA PARA JARDIN DE NIÑOS,NA,NA,,NO DEFINIDO,79,496.20,SEIEM/DON/2405/21,09/07/2021,09/07/2021,Activo
6886845,6097744/21,SILLA PARA JARDIN DE NIÑOS,NA,NA,,NO DEFINIDO,80,496.20,SEIEM/DON/2405/21,09/07/2021,09/07/2021,Activo
6886846,6097745/21,SILLA PARA JARDIN DE NIÑOS,NA,NA,,NO DEFINIDO,81,496.20,SEIEM/DON/2405/21,09/07/2021,09/07/2021,Activo
6886847,6097746/21,SILLA PARA JARDIN DE NIÑOS,NA,NA,,NO DEFINIDO,82,496.20,SEIEM/DON/2405/21,09/07/2021,09/07/2021,Activo
6886848,6097747/21,SILLA PARA JARDIN DE NIÑOS,NA,NA,,NO DEFINIDO,83,496.20,SEIEM/DON/2405/21,09/07/2021,09/07/2021,Activo
6886849,6097748/21,SILLA PARA JARDIN DE NIÑOS,NA,NA,,NO DEFINIDO,84,496.20,SEIEM/DON/2405/21,09/07/2021,09/07/2021,Activo
6886850,6097749/21,SILLA PARA JARDIN DE NIÑOS,NA,NA,,NO DEFINIDO,85,496.20,SEIEM/DON/2405/21,09/07/2021,09/07/2021,Activo
6886851,6097750/21,SILLA PARA JARDIN DE NIÑOS,NA,NA,,NO DEFINIDO,86,496.20,SEIEM/DON/2405/21,09/07/2021,09/07/2021,Activo
6886852,6097751/21,SILLA PARA JARDIN DE NIÑOS,NA,NA,,NO DEFINIDO,87,496.20,SEIEM/DON/2405/21,09/07/2021,09/07/2021,Activo
6886853,6097752/21,SILLA PARA JARDIN DE NIÑOS,NA,NA,,NO DEFINIDO,88,496.20,SEIEM/DON/2405/21,09/07/2021,09/07/2021,Activo
6886854,6097753/21,SILLA PARA JARDIN DE NIÑOS,NA,NA,,NO DEFINIDO,89,496.20,SEIEM/DON/2405/21,09/07/2021,09/07/2021,Activo
6886855,6097754/21,SILLA PARA JARDIN DE NIÑOS,NA,NA,,NO DEFINIDO,90,496.20,SEIEM/DON/2405/21,09/07/2021,09/07/2021,Activo
6886856,6097755/21,SILLA PARA JARDIN DE NIÑOS,NA,NA,,NO DEFINIDO,91,496.20,SEIEM/DON/2405/21,09/07/2021,09/07/2021,Activo
6886857,6097756/21,SILLA PARA JARDIN DE NIÑOS,NA,NA,,NO DEFINIDO,92,496.20,SEIEM/DON/2405/21,09/07/2021,09/07/2021,Activo
6886858,6097757/21,SILLA PARA JARDIN DE NIÑOS,NA,NA,,NO DEFINIDO,93,496.20,SEIEM/DON/2405/21,09/07/2021,09/07/2021,Activo
6886859,6097758/21,SILLA PARA JARDIN DE NIÑOS,NA,NA,,NO DEFINIDO,94,496.20,SEIEM/DON/2405/21,09/07/2021,09/07/2021,Activo
6886860,6097759/21,SILLA PARA JARDIN DE NIÑOS,NA,NA,,NO DEFINIDO,95,496.20,SEIEM/DON/2405/21,09/07/2021,09/07/2021,Activo
6886861,6097760/21,SILLA PARA JARDIN DE NIÑOS,NA,NA,,NO DEFINIDO,96,496.20,SEIEM/DON/2405/21,09/07/2021,09/07/2021,Activo
6886862,6097761/21,SILLA PARA JARDIN DE NIÑOS,NA,NA,,NO DEFINIDO,97,496.20,SEIEM/DON/2405/21,09/07/2021,09/07/2021,Activo
6886863,6097762/21,SILLA PARA JARDIN DE NIÑOS,NA,NA,,NO DEFINIDO,98,496.20,SEIEM/DON/2405/21,09/07/2021,09/07/2021,Activo
6886864,6097763/21,SILLA PARA JARDIN DE NIÑOS,NA,NA,,NO DEFINIDO,99,496.20,SEIEM/DON/2405/21,09/07/2021,09/07/2021,Activo
6886865,6097764/21,SILLA PARA JARDIN DE NIÑOS,NA,NA,,NO DEFINIDO,100,496.20,SEIEM/DON/2405/21,09/07/2021,09/07/2021,Activo
6886866,6097765/21,SILLA PARA JARDIN DE NIÑOS,NA,NA,,NO DEFINIDO,101,496.20,SEIEM/DON/2405/21,09/07/2021,09/07/2021,Activo
6886867,6097766/21,SILLA PARA JARDIN DE NIÑOS,NA,NA,,NO DEFINIDO,102,496.20,SEIEM/DON/2405/21,09/07/2021,09/07/2021,Activo
6886868,6097767/21,SILLA PARA JARDIN DE NIÑOS,NA,NA,,NO DEFINIDO,103,496.20,SEIEM/DON/2405/21,09/07/2021,09/07/2021,Activo
6886869,6097768/21,SILLA PARA JARDIN DE NIÑOS,NA,NA,,NO DEFINIDO,104,496.20,SEIEM/DON/2405/21,09/07/2021,09/07/2021,Activo
6886870,6097769/21,SILLA PARA JARDIN DE NIÑOS,NA,NA,,NO DEFINIDO,105,496.20,SEIEM/DON/2405/21,09/07/2021,09/07/2021,Activo
6886871,6097770/21,SILLA PARA JARDIN DE NIÑOS,NA,NA,,NO DEFINIDO,106,496.20,SEIEM/DON/2405/21,09/07/2021,09/07/2021,Activo
6886872,6097771/21,SILLA PARA JARDIN DE NIÑOS,NA,NA,,NO DEFINIDO,107,496.20,SEIEM/DON/2405/21,09/07/2021,09/07/2021,Activo
6886873,6097772/21,SILLA PARA JARDIN DE NIÑOS,NA,NA,,NO DEFINIDO,108,496.20,SEIEM/DON/2405/21,09/07/2021,09/07/2021,Activo
6886874,6097773/21,SILLA PARA JARDIN DE NIÑOS,NA,NA,,NO DEFINIDO,109,496.20,SEIEM/DON/2405/21,09/07/2021,09/07/2021,Activo
6886875,6097774/21,SILLA PARA JARDIN DE NIÑOS,NA,NA,,NO DEFINIDO,110,496.20,SEIEM/DON/2405/21,09/07/2021,09/07/2021,Activo
6886876,6097775/21,SILLA PARA JARDIN DE NIÑOS,NA,NA,,NO DEFINIDO,111,496.20,SEIEM/DON/2405/21,09/07/2021,09/07/2021,Activo
6886877,6097776/21,SILLA PARA JARDIN DE NIÑOS,NA,NA,,NO DEFINIDO,112,496.20,SEIEM/DON/2405/21,09/07/2021,09/07/2021,Activo
6886878,6097777/21,SILLA PARA JARDIN DE NIÑOS,NA,NA,,NO DEFINIDO,113,496.20,SEIEM/DON/2405/21,09/07/2021,09/07/2021,Activo
6886879,6097778/21,SILLA PARA JARDIN DE NIÑOS,NA,NA,,NO DEFINIDO,114,496.20,SEIEM/DON/2405/21,09/07/2021,09/07/2021,Activo
6886880,6097779/21,SILLA PARA JARDIN DE NIÑOS,NA,NA,,NO DEFINIDO,115,496.20,SEIEM/DON/2405/21,09/07/2021,09/07/2021,Activo
6886881,6097780/21,SILLA PARA JARDIN DE NIÑOS,NA,NA,,NO DEFINIDO,116,496.20,SEIEM/DON/2405/21,09/07/2021,09/07/2021,Activo
6886882,6097781/21,SILLA PARA JARDIN DE NIÑOS,NA,NA,,NO DEFINIDO,117,496.20,SEIEM/DON/2405/21,09/07/2021,09/07/2021,Activo
6886883,6097782/21,SILLA PARA JARDIN DE NIÑOS,NA,NA,,NO DEFINIDO,118,496.20,SEIEM/DON/2405/21,09/07/2021,09/07/2021,Activo
6886884,6097783/21,SILLA PARA JARDIN DE NIÑOS,NA,NA,,NO DEFINIDO,119,496.20,SEIEM/DON/2405/21,09/07/2021,09/07/2021,Activo
6886885,6097784/21,SILLA PARA JARDIN DE NIÑOS,NA,NA,,NO DEFINIDO,120,496.20,SEIEM/DON/2405/21,09/07/2021,09/07/2021,Activo
6886886,6097785/21,SILLA PARA JARDIN DE NIÑOS,NA,NA,,NO DEFINIDO,121,496.20,SEIEM/DON/2405/21,09/07/2021,09/07/2021,Activo
6886887,6097786/21,SILLA PARA JARDIN DE NIÑOS,NA,NA,,NO DEFINIDO,122,496.20,SEIEM/DON/2405/21,09/07/2021,09/07/2021,Activo
6886888,6097787/21,SILLA PARA JARDIN DE NIÑOS,NA,NA,,NO DEFINIDO,123,496.20,SEIEM/DON/2405/21,09/07/2021,09/07/2021,Activo
6886889,6097788/21,SILLA PARA JARDIN DE NIÑOS,NA,NA,,NO DEFINIDO,124,496.20,SEIEM/DON/2405/21,09/07/2021,09/07/2021,Activo
6886890,6097789/21,SILLA PARA JARDIN DE NIÑOS,NA,NA,,NO DEFINIDO,125,496.20,SEIEM/DON/2405/21,09/07/2021,09/07/2021,Activo
6886891,6097790/21,SILLA PARA JARDIN DE NIÑOS,NA,NA,,NO DEFINIDO,126,496.20,SEIEM/DON/2405/21,09/07/2021,09/07/2021,Activo
6886892,6097791/21,SILLA PARA JARDIN DE NIÑOS,NA,NA,,NO DEFINIDO,127,496.20,SEIEM/DON/2405/21,09/07/2021,09/07/2021,Activo
6886893,6097792/21,SILLA PARA JARDIN DE NIÑOS,NA,NA,,NO DEFINIDO,128,496.20,SEIEM/DON/2405/21,09/07/2021,09/07/2021,Activo
6886894,6097793/21,SILLA PARA JARDIN DE NIÑOS,NA,NA,,NO DEFINIDO,129,496.20,SEIEM/DON/2405/21,09/07/2021,09/07/2021,Activo
6886895,6097794/21,SILLA PARA JARDIN DE NIÑOS,NA,NA,,NO DEFINIDO,130,496.20,SEIEM/DON/2405/21,09/07/2021,09/07/2021,Activo
6886896,6097795/21,SILLA PARA JARDIN DE NIÑOS,NA,NA,,NO DEFINIDO,131,496.20,SEIEM/DON/2405/21,09/07/2021,09/07/2021,Activo
6886897,6097796/21,SILLA PARA JARDIN DE NIÑOS,NA,NA,,NO DEFINIDO,132,496.20,SEIEM/DON/2405/21,09/07/2021,09/07/2021,Activo
6886898,6097797/21,SILLA PARA JARDIN DE NIÑOS,NA,NA,,NO DEFINIDO,133,496.20,SEIEM/DON/2405/21,09/07/2021,09/07/2021,Activo
6886899,6097798/21,SILLA PARA JARDIN DE NIÑOS,NA,NA,,NO DEFINIDO,134,496.20,SEIEM/DON/2405/21,09/07/2021,09/07/2021,Activo
6886900,6097799/21,SILLA PARA JARDIN DE NIÑOS,NA,NA,,NO DEFINIDO,135,496.20,SEIEM/DON/2405/21,09/07/2021,09/07/2021,Activo
6886901,6097800/21,SILLA PARA JARDIN DE NIÑOS,NA,NA,,NO DEFINIDO,136,496.20,SEIEM/DON/2405/21,09/07/2021,09/07/2021,Activo
6886902,6097801/21,SILLA PARA JARDIN DE NIÑOS,NA,NA,,NO DEFINIDO,137,496.20,SEIEM/DON/2405/21,09/07/2021,09/07/2021,Activo
6886903,6097802/21,SILLA PARA JARDIN DE NIÑOS,NA,NA,,NO DEFINIDO,138,496.20,SEIEM/DON/2405/21,09/07/2021,09/07/2021,Activo
6886904,6097803/21,SILLA PARA JARDIN DE NIÑOS,NA,NA,,NO DEFINIDO,139,496.20,SEIEM/DON/2405/21,09/07/2021,09/07/2021,Activo
6886905,6097804/21,SILLA PARA JARDIN DE NIÑOS,NA,NA,,NO DEFINIDO,140,496.20,SEIEM/DON/2405/21,09/07/2021,09/07/2021,Activo
6886906,6097805/21,SILLA PARA JARDIN DE NIÑOS,NA,NA,,NO DEFINIDO,141,496.20,SEIEM/DON/2405/21,09/07/2021,09/07/2021,Activo
6886907,6097806/21,SILLA PARA JARDIN DE NIÑOS,NA,NA,,NO DEFINIDO,142,496.20,SEIEM/DON/2405/21,09/07/2021,09/07/2021,Activo
6886908,6097807/21,SILLA PARA JARDIN DE NIÑOS,NA,NA,,NO DEFINIDO,143,496.20,SEIEM/DON/2405/21,09/07/2021,09/07/2021,Activo
6886909,6097808/21,EXTINTOR DE POLVO QUIMICO 9.0 KG,NA,NA,,NO DEFINIDO,144,950.00,SEIEM/DON/2405/21,09/07/2021,09/07/2021,Activo
6886910,6097809/21,EXTINTOR DE POLVO QUIMICO 9.0 KG,NA,NA,,NO DEFINIDO,145,950.00,SEIEM/DON/2405/21,09/07/2021,09/07/2021,Activo
2574003,104601,TECLADO MUSICAL,CASIO,0,S/S,NO DEFINIDO,1,1874.04,SEIEM/INV/Libre/1370/2011,14/01/1997,14/01/1997,Activo
2326051,1070172,ARCHIVERO DE METAL,0,0,S/S,NO DEFINIDO,2,458.40,SEIEM/INV/Libre/1370/2011,01/01/1992,01/01/1992,Activo
2329552,1070173,ESCRITORIO DE METAL,0,0,S/S,NO DEFINIDO,3,900.00,SEIEM/INV/Libre/1370/2011,01/01/1992,01/01/1992,Activo
2565317,1070174,SILLON,0,0,S/S,NO DEFINIDO,4,160.56,SEIEM/INV/Libre/1370/2011,01/01/1992,01/01/1992,Activo
2337171,1070175,ASTA BANDERA Y ASTAS (JUEGO),0,0,S/S,NO DEFINIDO,5,72.29,SEIEM/INV/Libre/1370/2011,01/01/1992,01/01/1992,Activo
2387610,1070176,NICHO BANDERA,0,0,S/S,NO DEFINIDO,6,800.00,SEIEM/INV/Libre/1370/2011,01/01/1992,01/01/1992,Activo
2337172,1070177,ASTA BANDERA Y ASTAS (JUEGO),0,0,S/S,NO DEFINIDO,7,72.29,SEIEM/INV/Libre/1370/2011,01/01/1992,01/01/1992,Activo
2599606,1070178,"MAQUINA
 DE ESCRIBIR MECANICA",0,0,S/S,NO DEFINIDO,8,147.00,SEIEM/INV/Libre/1370/2011,01/01/1992,01/01/1992,Activo
2338679,1070179,ASTA BANDERA Y ASTAS (JUEGO),0,0,S/S,NO DEFINIDO,9,72.29,SEIEM/INV/Libre/1370/2011,01/01/1992,01/01/1992,Activo
2475584,1070180,SILLA INFANTIL,0,0,S/S,NO DEFINIDO,10,32.00,SEIEM/INV/Libre/1370/2011,01/01/1992,01/01/1992,Activo
2374838,1070181,MESA INFANTIL,0,0,S/S,NO DEFINIDO,11,160.00,SEIEM/INV/Libre/1370/2011,01/01/1992,01/01/1992,Activo
2374839,1070182,MESA INFANTIL,0,0,S/S,NO DEFINIDO,12,160.00,SEIEM/INV/Libre/1370/2011,01/01/1992,01/01/1992,Activo
2325127,1070183,COMODA,0,0,S/S,NO DEFINIDO,13,650.00,SEIEM/INV/Libre/1370/2011,01/01/1992,01/01/1992,Activo
2374840,1070184,MESA INFANTIL,0,0,S/S,NO DEFINIDO,14,160.00,SEIEM/INV/Libre/1370/2011,01/01/1992,01/01/1992,Activo
2374841,1070185,MESA INFANTIL,0,0,S/S,NO DEFINIDO,15,160.00,SEIEM/INV/Libre/1370/2011,01/01/1992,01/01/1992,Activo
2374842,1070186,MESA INFANTIL,0,0,S/S,NO DEFINIDO,16,160.00,SEIEM/INV/Libre/1370/2011,01/01/1992,01/01/1992,Activo
2375201,1070187,MESA INFANTIL,0,0,S/S,NO DEFINIDO,17,160.00,SEIEM/INV/Libre/1370/2011,01/01/1992,01/01/1992,Activo
2375202,1070188,MESA INFANTIL,0,0,S/S,NO DEFINIDO,18,160.00,SEIEM/INV/Libre/1370/2011,01/01/1992,01/01/1992,Activo
2371027,1070189,MESA INFANTIL,0,0,S/S,NO DEFINIDO,19,160.00,SEIEM/INV/Libre/1370/2011,01/01/1992,01/01/1992,Activo
2371028,1070190,MESA INFANTIL,0,0,S/S,NO DEFINIDO,20,160.00,SEIEM/INV/Libre/1370/2011,01/01/1992,01/01/1992,Activo
2371029,1070191,MESA INFANTIL,0,0,S/S,NO DEFINIDO,21,160.00,SEIEM/INV/Libre/1370/2011,01/01/1992,01/01/1992,Activo
2371030,1070192,MESA INFANTIL,0,0,S/S,NO DEFINIDO,22,160.00,SEIEM/INV/Libre/1370/2011,01/01/1992,01/01/1992,Activo
2371031,1070193,MESA INFANTIL,0,0,S/S,NO DEFINIDO,23,160.00,SEIEM/INV/Libre/1370/2011,01/01/1992,01/01/1992,Activo
2371032,1070194,MESA INFANTIL,0,0,S/S,NO DEFINIDO,24,160.00,SEIEM/INV/Libre/1370/2011,01/01/1992,01/01/1992,Activo
2371033,1070195,MESA INFANTIL,0,0,S/S,NO DEFINIDO,25,160.00,SEIEM/INV/Libre/1370/2011,01/01/1992,01/01/1992,Activo
2371034,1070196,MESA INFANTIL,0,0,S/S,NO DEFINIDO,26,160.00,SEIEM/INV/Libre/1370/2011,01/01/1992,01/01/1992,Activo
2371035,1070197,MESA INFANTIL,0,0,S/S,NO DEFINIDO,27,160.00,SEIEM/INV/Libre/1370/2011,01/01/1992,01/01/1992,Activo
2371036,1070198,MESA INFANTIL,0,0,S/S,NO DEFINIDO,28,160.00,SEIEM/INV/Libre/1370/2011,01/01/1992,01/01/1992,Activo
2475585,1070199,SILLA INFANTIL,0,0,S/S,NO DEFINIDO,29,20.00,SEIEM/INV/Libre/1370/2011,01/01/1992,01/01/1992,Activo
2461562,1070200,SILLA INFANTIL,0,0,S/S,NO DEFINIDO,30,20.00,SEIEM/INV/Libre/1370/2011,01/01/1992,01/01/1992,Activo
2461563,1070201,SILLA INFANTIL,0,0,S/S,NO DEFINIDO,31,20.00,SEIEM/INV/Libre/1370/2011,01/01/1992,01/01/1992,Activo
2461564,1070202,SILLA INFANTIL,0,0,S/S,NO DEFINIDO,32,20.00,SEIEM/INV/Libre/1370/2011,01/01/1992,01/01/1992,Activo
2461565,1070203,SILLA INFANTIL,0,0,S/S,NO DEFINIDO,33,20.00,SEIEM/INV/Libre/1370/2011,01/01/1992,01/01/1992,Activo
2461566,1070204,SILLA INFANTIL,0,0,S/S,NO DEFINIDO,34,20.00,SEIEM/INV/Libre/1370/2011,01/01/1992,01/01/1992,Activo
2461567,1070205,SILLA INFANTIL,0,0,S/S,NO DEFINIDO,35,20.00,SEIEM/INV/Libre/1370/2011,01/01/1992,01/01/1992,Activo
2461568,1070206,SILLA INFANTIL,0,0,S/S,NO DEFINIDO,36,20.00,SEIEM/INV/Libre/1370/2011,01/01/1992,01/01/1992,Activo
2392791,1070207,PIZARRON,0,0,S/S,NO DEFINIDO,37,172.50,SEIEM/INV/Libre/1370/2011,01/01/1992,01/01/1992,Activo
2392792,1070208,PIZARRON,0,0,S/S,NO DEFINIDO,38,172.50,SEIEM/INV/Libre/1370/2011,01/01/1992,01/01/1992,Activo
2393148,1070209,PIZARRON,0,0,S/S,NO DEFINIDO,39,172.50,SEIEM/INV/Libre/1370/2011,01/01/1992,01/01/1992,Activo
2325128,1070210,COMODA,0,0,S/S,NO DEFINIDO,40,650.00,SEIEM/INV/Libre/1370/2011,01/01/1992,01/01/1992,Activo
2371037,1070211,MESA INFANTIL,0,0,S/S,NO DEFINIDO,41,100.00,SEIEM/INV/Libre/1370/2011,01/01/1992,01/01/1992,Activo
2371038,1070212,MESA INFANTIL,0,0,S/S,NO DEFINIDO,42,100.00,SEIEM/INV/Libre/1370/2011,01/01/1992,01/01/1992,Activo
2371039,1070213,MESA INFANTIL,0,0,S/S,NO DEFINIDO,43,100.00,SEIEM/INV/Libre/1370/2011,01/01/1992,01/01/1992,Activo
2371040,1070214,MESA INFANTIL,0,0,S/S,NO DEFINIDO,44,100.00,SEIEM/INV/Libre/1370/2011,01/01/1992,01/01/1992,Activo
2371401,1070215,MESA INFANTIL,0,0,S/S,NO DEFINIDO,45,100.00,SEIEM/INV/Libre/1370/2011,01/01/1992,01/01/1992,Activo
2371402,1070216,MESA INFANTIL,0,0,S/S,NO DEFINIDO,46,100.00,SEIEM/INV/Libre/1370/2011,01/01/1992,01/01/1992,Activo
2371403,1070217,MESA INFANTIL,0,0,S/S,NO DEFINIDO,47,100.00,SEIEM/INV/Libre/1370/2011,01/01/1992,01/01/1992,Activo
2371404,1070218,MESA INFANTIL,0,0,S/S,NO DEFINIDO,48,100.00,SEIEM/INV/Libre/1370/2011,01/01/1992,01/01/1992,Activo
2371405,1070219,MESA INFANTIL,0,0,S/S,NO DEFINIDO,49,100.00,SEIEM/INV/Libre/1370/2011,01/01/1992,01/01/1992,Activo
2371406,1070220,MESA INFANTIL,0,0,S/S,NO DEFINIDO,50,100.00,SEIEM/INV/Libre/1370/2011,01/01/1992,01/01/1992,Activo
2371407,1070221,MESA INFANTIL,0,0,S/S,NO DEFINIDO,51,100.00,SEIEM/INV/Libre/1370/2011,01/01/1992,01/01/1992,Activo
2371408,1070222,MESA INFANTIL,0,0,S/S,NO DEFINIDO,52,100.00,SEIEM/INV/Libre/1370/2011,01/01/1992,01/01/1992,Activo
2371409,1070223,MESA INFANTIL,0,0,S/S,NO DEFINIDO,53,100.00,SEIEM/INV/Libre/1370/2011,01/01/1992,01/01/1992,Activo
2371410,1070224,MESA INFANTIL,0,0,S/S,NO DEFINIDO,54,100.00,SEIEM/INV/Libre/1370/2011,01/01/1992,01/01/1992,Activo
2374084,1070225,MESA INFANTIL,0,0,S/S,NO DEFINIDO,55,100.00,SEIEM/INV/Libre/1370/2011,01/01/1992,01/01/1992,Activo
2461569,1070226,SILLA INFANTIL,0,0,S/S,NO DEFINIDO,56,20.00,SEIEM/INV/Libre/1370/2011,01/01/1992,01/01/1992,Activo
2461570,1070227,SILLA INFANTIL,0,0,S/S,NO DEFINIDO,57,20.00,SEIEM/INV/Libre/1370/2011,01/01/1992,01/01/1992,Activo
2461571,1070228,SILLA INFANTIL,0,0,S/S,NO DEFINIDO,58,20.00,SEIEM/INV/Libre/1370/2011,01/01/1992,01/01/1992,Activo
2461572,1070229,SILLA INFANTIL,0,0,S/S,NO DEFINIDO,59,20.00,SEIEM/INV/Libre/1370/2011,01/01/1992,01/01/1992,Activo
2461573,1070230,SILLA INFANTIL,0,0,S/S,NO DEFINIDO,60,20.00,SEIEM/INV/Libre/1370/2011,01/01/1992,01/01/1992,Activo
2461574,1070231,SILLA INFANTIL,0,0,S/S,NO DEFINIDO,61,20.00,SEIEM/INV/Libre/1370/2011,01/01/1992,01/01/1992,Activo
2461575,1070232,SILLA INFANTIL,0,0,S/S,NO DEFINIDO,62,20.00,SEIEM/INV/Libre/1370/2011,01/01/1992,01/01/1992,Activo
2461576,1070233,SILLA INFANTIL,0,0,S/S,NO DEFINIDO,63,20.00,SEIEM/INV/Libre/1370/2011,01/01/1992,01/01/1992,Activo
2461577,1070234,SILLA INFANTIL,0,0,S/S,NO DEFINIDO,64,20.00,SEIEM/INV/Libre/1370/2011,01/01/1992,01/01/1992,Activo
2461578,1070235,SILLA INFANTIL,0,0,S/S,NO DEFINIDO,65,20.00,SEIEM/INV/Libre/1370/2011,01/01/1992,01/01/1992,Activo
2461579,1070236,SILLA INFANTIL,0,0,S/S,NO DEFINIDO,66,20.00,SEIEM/INV/Libre/1370/2011,01/01/1992,01/01/1992,Activo
2461580,1070237,SILLA INFANTIL,0,0,S/S,NO DEFINIDO,67,20.00,SEIEM/INV/Libre/1370/2011,01/01/1992,01/01/1992,Activo
2461938,1070238,SILLA INFANTIL,0,0,S/S,NO DEFINIDO,68,20.00,SEIEM/INV/Libre/1370/2011,01/01/1992,01/01/1992,Activo
2461939,1070239,SILLA INFANTIL,0,0,S/S,NO DEFINIDO,69,20.00,SEIEM/INV/Libre/1370/2011,01/01/1992,01/01/1992,Activo
2461940,1070240,SILLA INFANTIL,0,0,S/S,NO DEFINIDO,70,20.00,SEIEM/INV/Libre/1370/2011,01/01/1992,01/01/1992,Activo
2461941,1070241,SILLA INFANTIL,0,0,S/S,NO DEFINIDO,71,20.00,SEIEM/INV/Libre/1370/2011,01/01/1992,01/01/1992,Activo
2461942,1070242,SILLA INFANTIL,0,0,S/S,NO DEFINIDO,72,20.00,SEIEM/INV/Libre/1370/2011,01/01/1992,01/01/1992,Activo
2465763,1070243,SILLA INFANTIL,0,0,S/S,NO DEFINIDO,73,20.00,SEIEM/INV/Libre/1370/2011,01/01/1992,01/01/1992,Activo
2465764,1070244,SILLA INFANTIL,0,0,S/S,NO DEFINIDO,74,20.00,SEIEM/INV/Libre/1370/2011,01/01/1992,01/01/1992,Activo
2465765,1070245,SILLA INFANTIL,0,0,S/S,NO DEFINIDO,75,20.00,SEIEM/INV/Libre/1370/2011,01/01/1992,01/01/1992,Activo
2465766,1070246,SILLA INFANTIL,0,0,S/S,NO DEFINIDO,76,20.00,SEIEM/INV/Libre/1370/2011,01/01/1992,01/01/1992,Activo
2465767,1070247,SILLA INFANTIL,0,0,S/S,NO DEFINIDO,77,20.00,SEIEM/INV/Libre/1370/2011,01/01/1992,01/01/1992,Activo
2465768,1070248,SILLA INFANTIL,0,0,S/S,NO DEFINIDO,78,20.00,SEIEM/INV/Libre/1370/2011,01/01/1992,01/01/1992,Activo
2465769,1070249,SILLA INFANTIL,0,0,S/S,NO DEFINIDO,79,20.00,SEIEM/INV/Libre/1370/2011,01/01/1992,01/01/1992,Activo
2465770,1070250,SILLA INFANTIL,0,0,S/S,NO DEFINIDO,80,20.00,SEIEM/INV/Libre/1370/2011,01/01/1992,01/01/1992,Activo
2465771,1070251,SILLA INFANTIL,0,0,S/S,NO DEFINIDO,81,20.00,SEIEM/INV/Libre/1370/2011,01/01/1992,01/01/1992,Activo
2465772,1070252,SILLA INFANTIL,0,0,S/S,NO DEFINIDO,82,20.00,SEIEM/INV/Libre/1370/2011,01/01/1992,01/01/1992,Activo
2465773,1070253,SILLA INFANTIL,0,0,S/S,NO DEFINIDO,83,20.00,SEIEM/INV/Libre/1370/2011,01/01/1992,01/01/1992,Activo
2465774,1070254,SILLA INFANTIL,0,0,S/S,NO DEFINIDO,84,20.00,SEIEM/INV/Libre/1370/2011,01/01/1992,01/01/1992,Activo
2465775,1070255,SILLA INFANTIL,0,0,S/S,NO DEFINIDO,85,20.00,SEIEM/INV/Libre/1370/2011,01/01/1992,01/01/1992,Activo
2465776,1070256,SILLA INFANTIL,0,0,S/S,NO DEFINIDO,86,20.00,SEIEM/INV/Libre/1370/2011,01/01/1992,01/01/1992,Activo
2465777,1070257,SILLA INFANTIL,0,0,S/S,NO DEFINIDO,87,20.00,SEIEM/INV/Libre/1370/2011,01/01/1992,01/01/1992,Activo
2466137,1070258,SILLA INFANTIL,0,0,S/S,NO DEFINIDO,88,20.00,SEIEM/INV/Libre/1370/2011,01/01/1992,01/01/1992,Activo
2466138,1070259,SILLA INFANTIL,0,0,S/S,NO DEFINIDO,89,20.00,SEIEM/INV/Libre/1370/2011,01/01/1992,01/01/1992,Activo
2466139,1070260,SILLA INFANTIL,0,0,S/S,NO DEFINIDO,90,20.00,SEIEM/INV/Libre/1370/2011,01/01/1992,01/01/1992,Activo
2466140,1070261,SILLA INFANTIL,0,0,S/S,NO DEFINIDO,91,20.00,SEIEM/INV/Libre/1370/2011,01/01/1992,01/01/1992,Activo
2466141,1070262,SILLA INFANTIL,0,0,S/S,NO DEFINIDO,92,20.00,SEIEM/INV/Libre/1370/2011,01/01/1992,01/01/1992,Activo
2466142,1070263,SILLA INFANTIL,0,0,S/S,NO DEFINIDO,93,20.00,SEIEM/INV/Libre/1370/2011,01/01/1992,01/01/1992,Activo
2466143,1070264,SILLA INFANTIL,0,0,S/S,NO DEFINIDO,94,20.00,SEIEM/INV/Libre/1370/2011,01/01/1992,01/01/1992,Activo
2466144,1070265,SILLA INFANTIL,0,0,S/S,NO DEFINIDO,95,20.00,SEIEM/INV/Libre/1370/2011,01/01/1992,01/01/1992,Activo
2466145,1070266,SILLA INFANTIL,0,0,S/S,NO DEFINIDO,96,20.00,SEIEM/INV/Libre/1370/2011,01/01/1992,01/01/1992,Activo
2463884,1070267,SILLA INFANTIL,0,0,S/S,NO DEFINIDO,97,20.00,SEIEM/INV/Libre/1370/2011,01/01/1992,01/01/1992,Activo
2393149,1070268,PIZARRON,0,0,S/S,NO DEFINIDO,98,276.00,SEIEM/INV/Libre/1370/2011,01/01/1992,01/01/1992,Activo
2325129,1070269,COMODA,0,0,S/S,NO DEFINIDO,99,650.00,SEIEM/INV/Libre/1370/2011,01/01/1992,01/01/1992,Activo
2587309,1070270,ESTUFA,0,0,S/S,NO DEFINIDO,100,281.62,SEIEM/INV/Libre/1370/2011,01/01/1992,01/01/1992,Activo
2600436,1070271,CILINDRO GAS,0,0,S/S,NO DEFINIDO,101,40.00,SEIEM/INV/Libre/1370/2011,01/01/1992,01/01/1992,Activo
2600437,1070272,CILINDRO GAS,0,0,S/S,NO DEFINIDO,102,40.00,SEIEM/INV/Libre/1370/2011,01/01/1992,01/01/1992,Activo
2463885,1070273,SILLA INFANTIL,0,0,S/S,NO DEFINIDO,103,20.00,SEIEM/INV/Libre/1370/2011,01/01/1992,01/01/1992,Activo
2463886,1070274,SILLA INFANTIL,0,0,S/S,NO DEFINIDO,104,20.00,SEIEM/INV/Libre/1370/2011,01/01/1992,01/01/1992,Activo
2591498,1070275,FREGADERO DE METAL,0,0,S/S,NO DEFINIDO,105,144.46,SEIEM/INV/Libre/1370/2011,01/01/1992,01/01/1992,Activo
2591499,1070276,FREGADERO DE METAL,0,0,S/S,NO DEFINIDO,106,144.46,SEIEM/INV/Libre/1370/2011,01/01/1992,01/01/1992,Activo
2591500,1070277,FREGADERO DE METAL,0,0,S/S,NO DEFINIDO,107,144.46,SEIEM/INV/Libre/1370/2011,01/01/1992,01/01/1992,Activo
2374085,1070278,MESA INFANTIL,0,0,S/S,NO DEFINIDO,108,100.00,SEIEM/INV/Libre/1370/2011,01/01/1992,01/01/1992,Activo
2374086,1070279,MESA INFANTIL,0,0,S/S,NO DEFINIDO,109,100.00,SEIEM/INV/Libre/1370/2011,01/01/1992,01/01/1992,Activo
2374087,1070281,MESA INFANTIL,0,0,S/S,NO DEFINIDO,110,160.00,SEIEM/INV/Libre/1370/2011,01/01/1992,01/01/1992,Activo
2374088,1070282,MESA INFANTIL,0,0,S/S,NO DEFINIDO,111,160.00,SEIEM/INV/Libre/1370/2011,01/01/1992,01/01/1992,Activo
2374089,1070283,MESA INFANTIL,0,0,S/S,NO DEFINIDO,112,160.00,SEIEM/INV/Libre/1370/2011,01/01/1992,01/01/1992,Activo
2374090,1070284,MESA INFANTIL,0,0,S/S,NO DEFINIDO,113,160.00,SEIEM/INV/Libre/1370/2011,01/01/1992,01/01/1992,Activo
2374091,1070285,MESA INFANTIL,0,0,S/S,NO DEFINIDO,114,160.00,SEIEM/INV/Libre/1370/2011,01/01/1992,01/01/1992,Activo
2374092,1070286,MESA INFANTIL,0,0,S/S,NO DEFINIDO,115,160.00,SEIEM/INV/Libre/1370/2011,01/01/1992,01/01/1992,Activo
2374093,1070287,MESA INFANTIL,0,0,S/S,NO DEFINIDO,116,160.00,SEIEM/INV/Libre/1370/2011,01/01/1992,01/01/1992,Activo
2374094,1070288,MESA INFANTIL,0,0,S/S,NO DEFINIDO,117,160.00,SEIEM/INV/Libre/1370/2011,01/01/1992,01/01/1992,Activo
2374095,1070289,MESA INFANTIL,0,0,S/S,NO DEFINIDO,118,160.00,SEIEM/INV/Libre/1370/2011,01/01/1992,01/01/1992,Activo
2374096,1070290,MESA INFANTIL,0,0,S/S,NO DEFINIDO,119,160.00,SEIEM/INV/Libre/1370/2011,01/01/1992,01/01/1992,Activo
2374097,1070291,MESA INFANTIL,0,0,S/S,NO DEFINIDO,120,160.00,SEIEM/INV/Libre/1370/2011,01/01/1992,01/01/1992,Activo
2374098,1070292,MESA INFANTIL,0,0,S/S,NO DEFINIDO,121,160.00,SEIEM/INV/Libre/1370/2011,01/01/1992,01/01/1992,Activo
2374099,1070293,MESA INFANTIL,0,0,S/S,NO DEFINIDO,122,160.00,SEIEM/INV/Libre/1370/2011,01/01/1992,01/01/1992,Activo
2374100,1070294,MESA INFANTIL,0,0,S/S,NO DEFINIDO,123,160.00,SEIEM/INV/Libre/1370/2011,01/01/1992,01/01/1992,Activo
2374101,1070295,MESA INFANTIL,0,0,S/S,NO DEFINIDO,124,160.00,SEIEM/INV/Libre/1370/2011,01/01/1992,01/01/1992,Activo
2374462,1070296,MESA INFANTIL,0,0,S/S,NO DEFINIDO,125,160.00,SEIEM/INV/Libre/1370/2011,01/01/1992,01/01/1992,Activo
2374463,1070297,MESA INFANTIL,0,0,S/S,NO DEFINIDO,126,160.00,SEIEM/INV/Libre/1370/2011,01/01/1992,01/01/1992,Activo
2374464,1070298,MESA INFANTIL,0,0,S/S,NO DEFINIDO,127,160.00,SEIEM/INV/Libre/1370/2011,01/01/1992,01/01/1992,Activo
2463887,1070299,SILLA INFANTIL,0,0,S/S,NO DEFINIDO,128,8.00,SEIEM/INV/Libre/1370/2011,01/01/1992,01/01/1992,Activo
2463888,1070300,SILLA INFANTIL,0,0,S/S,NO DEFINIDO,129,8.00,SEIEM/INV/Libre/1370/2011,01/01/1992,01/01/1992,Activo
2463889,1070301,SILLA INFANTIL,0,0,S/S,NO DEFINIDO,130,8.00,SEIEM/INV/Libre/1370/2011,01/01/1992,01/01/1992,Activo
2463890,1070302,SILLA INFANTIL,0,0,S/S,NO DEFINIDO,131,8.00,SEIEM/INV/Libre/1370/2011,01/01/1992,01/01/1992,Activo
2463891,1070303,SILLA INFANTIL,0,0,S/S,NO DEFINIDO,132,8.00,SEIEM/INV/Libre/1370/2011,01/01/1992,01/01/1992,Activo
2463892,1070304,SILLA INFANTIL,0,0,S/S,NO DEFINIDO,133,8.00,SEIEM/INV/Libre/1370/2011,01/01/1992,01/01/1992,Activo
2463893,1070305,SILLA INFANTIL,0,0,S/S,NO DEFINIDO,134,8.00,SEIEM/INV/Libre/1370/2011,01/01/1992,01/01/1992,Activo
2463894,1070306,SILLA INFANTIL,0,0,S/S,NO DEFINIDO,135,8.00,SEIEM/INV/Libre/1370/2011,01/01/1992,01/01/1992,Activo
2464249,1070307,SILLA INFANTIL,0,0,S/S,NO DEFINIDO,136,8.00,SEIEM/INV/Libre/1370/2011,01/01/1992,01/01/1992,Activo
2464250,1070308,SILLA INFANTIL,0,0,S/S,NO DEFINIDO,137,8.00,SEIEM/INV/Libre/1370/2011,01/01/1992,01/01/1992,Activo
2464251,1070309,SILLA INFANTIL,0,0,S/S,NO DEFINIDO,138,8.00,SEIEM/INV/Libre/1370/2011,01/01/1992,01/01/1992,Activo
2464252,1070310,SILLA INFANTIL,0,0,S/S,NO DEFINIDO,139,8.00,SEIEM/INV/Libre/1370/2011,01/01/1992,01/01/1992,Activo
2464253,1070311,SILLA INFANTIL,0,0,S/S,NO DEFINIDO,140,8.00,SEIEM/INV/Libre/1370/2011,01/01/1992,01/01/1992,Activo
2464254,1070312,SILLA INFANTIL,0,0,S/S,NO DEFINIDO,141,8.00,SEIEM/INV/Libre/1370/2011,01/01/1992,01/01/1992,Activo
2464255,1070313,SILLA INFANTIL,0,0,S/S,NO DEFINIDO,142,8.00,SEIEM/INV/Libre/1370/2011,01/01/1992,01/01/1992,Activo
2464256,1070314,SILLA INFANTIL,0,0,S/S,NO DEFINIDO,143,8.00,SEIEM/INV/Libre/1370/2011,01/01/1992,01/01/1992,Activo
2464257,1070315,SILLA INFANTIL,0,0,S/S,NO DEFINIDO,144,8.00,SEIEM/INV/Libre/1370/2011,01/01/1992,01/01/1992,Activo
2464258,1070316,SILLA INFANTIL,0,0,S/S,NO DEFINIDO,145,8.00,SEIEM/INV/Libre/1370/2011,01/01/1992,01/01/1992,Activo
2464259,1070317,SILLA INFANTIL,0,0,S/S,NO DEFINIDO,146,8.00,SEIEM/INV/Libre/1370/2011,01/01/1992,01/01/1992,Activo
2464260,1070318,SILLA INFANTIL,0,0,S/S,NO DEFINIDO,147,8.00,SEIEM/INV/Libre/1370/2011,01/01/1992,01/01/1992,Activo
2464261,1070319,SILLA INFANTIL,0,0,S/S,NO DEFINIDO,148,8.00,SEIEM/INV/Libre/1370/2011,01/01/1992,01/01/1992,Activo
2462003,1070320,SILLA INFANTIL,0,0,S/S,NO DEFINIDO,149,8.00,SEIEM/INV/Libre/1370/2011,01/01/1992,01/01/1992,Activo
2462004,1070321,SILLA INFANTIL,0,0,S/S,NO DEFINIDO,150,8.00,SEIEM/INV/Libre/1370/2011,01/01/1992,01/01/1992,Activo
2462005,1070322,SILLA INFANTIL,0,0,S/S,NO DEFINIDO,151,8.00,SEIEM/INV/Libre/1370/2011,01/01/1992,01/01/1992,Activo
2462006,1070323,SILLA INFANTIL,0,0,S/S,NO DEFINIDO,152,8.00,SEIEM/INV/Libre/1370/2011,01/01/1992,01/01/1992,Activo
2462007,1070324,SILLA INFANTIL,0,0,S/S,NO DEFINIDO,153,8.00,SEIEM/INV/Libre/1370/2011,01/01/1992,01/01/1992,Activo
2462008,1070325,SILLA INFANTIL,0,0,S/S,NO DEFINIDO,154,8.00,SEIEM/INV/Libre/1370/2011,01/01/1992,01/01/1992,Activo
2462009,1070326,SILLA INFANTIL,0,0,S/S,NO DEFINIDO,155,8.00,SEIEM/INV/Libre/1370/2011,01/01/1992,01/01/1992,Activo
2462368,1070327,SILLA INFANTIL,0,0,S/S,NO DEFINIDO,156,8.00,SEIEM/INV/Libre/1370/2011,01/01/1992,01/01/1992,Activo
2462369,1070328,SILLA INFANTIL,0,0,S/S,NO DEFINIDO,157,8.00,SEIEM/INV/Libre/1370/2011,01/01/1992,01/01/1992,Activo
2462370,1070329,SILLA INFANTIL,0,0,S/S,NO DEFINIDO,158,8.00,SEIEM/INV/Libre/1370/2011,01/01/1992,01/01/1992,Activo
2462371,1070330,SILLA INFANTIL,0,0,S/S,NO DEFINIDO,159,20.00,SEIEM/INV/Libre/1370/2011,01/01/1992,01/01/1992,Activo
2393150,1070331,PIZARRON,0,0,S/S,NO DEFINIDO,160,276.00,SEIEM/INV/Libre/1370/2011,01/01/1992,01/01/1992,Activo
2374465,1070332,MESA INFANTIL,0,0,S/S,NO DEFINIDO,161,100.00,SEIEM/INV/Libre/1370/2011,01/01/1992,01/01/1992,Activo
2374466,1070333,MESA INFANTIL,0,0,S/S,NO DEFINIDO,162,100.00,SEIEM/INV/Libre/1370/2011,01/01/1992,01/01/1992,Activo
2374467,1070334,MESA INFANTIL,0,0,S/S,NO DEFINIDO,163,100.00,SEIEM/INV/Libre/1370/2011,01/01/1992,01/01/1992,Activo
2462372,1070335,SILLA INFANTIL,0,0,S/S,NO DEFINIDO,164,20.00,SEIEM/INV/Libre/1370/2011,01/01/1992,01/01/1992,Activo
2462373,1070336,SILLA INFANTIL,0,0,S/S,NO DEFINIDO,165,20.00,SEIEM/INV/Libre/1370/2011,01/01/1992,01/01/1992,Activo
2462374,1070337,SILLA INFANTIL,0,0,S/S,NO DEFINIDO,166,20.00,SEIEM/INV/Libre/1370/2011,01/01/1992,01/01/1992,Activo
2462375,1070338,SILLA INFANTIL,0,0,S/S,NO DEFINIDO,167,20.00,SEIEM/INV/Libre/1370/2011,01/01/1992,01/01/1992,Activo
2462376,1070339,SILLA INFANTIL,0,0,S/S,NO DEFINIDO,168,20.00,SEIEM/INV/Libre/1370/2011,01/01/1992,01/01/1992,Activo
2462377,1070340,SILLA INFANTIL,0,0,S/S,NO DEFINIDO,169,20.00,SEIEM/INV/Libre/1370/2011,01/01/1992,01/01/1992,Activo
2462378,1070341,SILLA INFANTIL,0,0,S/S,NO DEFINIDO,170,20.00,SEIEM/INV/Libre/1370/2011,01/01/1992,01/01/1992,Activo
2462379,1070342,SILLA INFANTIL,0,0,S/S,NO DEFINIDO,171,20.00,SEIEM/INV/Libre/1370/2011,01/01/1992,01/01/1992,Activo
2462380,1070343,SILLA INFANTIL,0,0,S/S,NO DEFINIDO,172,20.00,SEIEM/INV/Libre/1370/2011,01/01/1992,01/01/1992,Activo
2462381,1070344,SILLA INFANTIL,0,0,S/S,NO DEFINIDO,173,20.00,SEIEM/INV/Libre/1370/2011,01/01/1992,01/01/1992,Activo
2462382,1070345,SILLA INFANTIL,0,0,S/S,NO DEFINIDO,174,20.00,SEIEM/INV/Libre/1370/2011,01/01/1992,01/01/1992,Activo
2462383,1070346,SILLA INFANTIL,0,0,S/S,NO DEFINIDO,175,20.00,SEIEM/INV/Libre/1370/2011,01/01/1992,01/01/1992,Activo
2462384,1070347,SILLA INFANTIL,0,0,S/S,NO DEFINIDO,176,20.00,SEIEM/INV/Libre/1370/2011,01/01/1992,01/01/1992,Activo
2466199,1070348,SILLA INFANTIL,0,0,S/S,NO DEFINIDO,177,20.00,SEIEM/INV/Libre/1370/2011,01/01/1992,01/01/1992,Activo
2466200,1070349,SILLA INFANTIL,0,0,S/S,NO DEFINIDO,178,20.00,SEIEM/INV/Libre/1370/2011,01/01/1992,01/01/1992,Activo
2466201,1070350,SILLA INFANTIL,0,0,S/S,NO DEFINIDO,179,20.00,SEIEM/INV/Libre/1370/2011,01/01/1992,01/01/1992,Activo
2466202,1070351,SILLA INFANTIL,0,0,S/S,NO DEFINIDO,180,20.00,SEIEM/INV/Libre/1370/2011,01/01/1992,01/01/1992,Activo
2466203,1070352,SILLA INFANTIL,0,0,S/S,NO DEFINIDO,181,20.00,SEIEM/INV/Libre/1370/2011,01/01/1992,01/01/1992,Activo
2466204,1070353,SILLA INFANTIL,0,0,S/S,NO DEFINIDO,182,20.00,SEIEM/INV/Libre/1370/2011,01/01/1992,01/01/1992,Activo
2466205,1070354,SILLA INFANTIL,0,0,S/S,NO DEFINIDO,183,20.00,SEIEM/INV/Libre/1370/2011,01/01/1992,01/01/1992,Activo
2466206,1070355,SILLA INFANTIL,0,0,S/S,NO DEFINIDO,184,20.00,SEIEM/INV/Libre/1370/2011,01/01/1992,01/01/1992,Activo
2466207,1070356,SILLA INFANTIL,0,0,S/S,NO DEFINIDO,185,20.00,SEIEM/INV/Libre/1370/2011,01/01/1992,01/01/1992,Activo
2466208,1070357,SILLA INFANTIL,0,0,S/S,NO DEFINIDO,186,20.00,SEIEM/INV/Libre/1370/2011,01/01/1992,01/01/1992,Activo
2460485,1070358,SILLA INFANTIL,0,0,S/S,NO DEFINIDO,187,20.00,SEIEM/INV/Libre/1370/2011,01/01/1992,01/01/1992,Activo
2460486,1070359,SILLA INFANTIL,0,0,S/S,NO DEFINIDO,188,20.00,SEIEM/INV/Libre/1370/2011,01/01/1992,01/01/1992,Activo
2460487,1070360,SILLA INFANTIL,0,0,S/S,NO DEFINIDO,189,20.00,SEIEM/INV/Libre/1370/2011,01/01/1992,01/01/1992,Activo
2460488,1070361,SILLA INFANTIL,0,0,S/S,NO DEFINIDO,190,20.00,SEIEM/INV/Libre/1370/2011,01/01/1992,01/01/1992,Activo
2460489,1070362,SILLA INFANTIL,0,0,S/S,NO DEFINIDO,191,20.00,SEIEM/INV/Libre/1370/2011,01/01/1992,01/01/1992,Activo
2460490,1070363,SILLA INFANTIL,0,0,S/S,NO DEFINIDO,192,20.00,SEIEM/INV/Libre/1370/2011,01/01/1992,01/01/1992,Activo
2460491,1070364,SILLA INFANTIL,0,0,S/S,NO DEFINIDO,193,20.00,SEIEM/INV/Libre/1370/2011,01/01/1992,01/01/1992,Activo
2460492,1070365,SILLA INFANTIL,0,0,S/S,NO DEFINIDO,194,20.00,SEIEM/INV/Libre/1370/2011,01/01/1992,01/01/1992,Activo
2460493,1070366,SILLA INFANTIL,0,0,S/S,NO DEFINIDO,195,20.00,SEIEM/INV/Libre/1370/2011,01/01/1992,01/01/1992,Activo
2460494,1070367,SILLA INFANTIL,0,0,S/S,NO DEFINIDO,196,20.00,SEIEM/INV/Libre/1370/2011,01/01/1992,01/01/1992,Activo
2460495,1070368,SILLA INFANTIL,0,0,S/S,NO DEFINIDO,197,20.00,SEIEM/INV/Libre/1370/2011,01/01/1992,01/01/1992,Activo
2393151,1070369,PIZARRON,0,0,S/S,NO DEFINIDO,198,276.00,SEIEM/INV/Libre/1370/2011,01/01/1992,01/01/1992,Activo
2325130,1070370,COMODA,0,0,S/S,NO DEFINIDO,199,260.00,SEIEM/INV/Libre/1370/2011,01/01/1992,01/01/1992,Activo
2370895,1070371,MESA INFANTIL,0,0,S/S,NO DEFINIDO,200,100.00,SEIEM/INV/Libre/1370/2011,01/01/1992,01/01/1992,Activo
2370896,1070372,MESA INFANTIL,0,0,S/S,NO DEFINIDO,201,100.00,SEIEM/INV/Libre/1370/2011,01/01/1992,01/01/1992,Activo
2371257,1070373,MESA INFANTIL,0,0,S/S,NO DEFINIDO,202,100.00,SEIEM/INV/Libre/1370/2011,01/01/1992,01/01/1992,Activo
2371258,1070374,MESA INFANTIL,0,0,S/S,NO DEFINIDO,203,100.00,SEIEM/INV/Libre/1370/2011,01/01/1992,01/01/1992,Activo
2371259,1070375,MESA INFANTIL,0,0,S/S,NO DEFINIDO,204,100.00,SEIEM/INV/Libre/1370/2011,01/01/1992,01/01/1992,Activo
2371260,1070376,MESA INFANTIL,0,0,S/S,NO DEFINIDO,205,100.00,SEIEM/INV/Libre/1370/2011,01/01/1992,01/01/1992,Activo
2371261,1070377,MESA INFANTIL,0,0,S/S,NO DEFINIDO,206,100.00,SEIEM/INV/Libre/1370/2011,01/01/1992,01/01/1992,Activo
2371262,1070378,MESA INFANTIL,0,0,S/S,NO DEFINIDO,207,100.00,SEIEM/INV/Libre/1370/2011,01/01/1992,01/01/1992,Activo
2371263,1070379,MESA INFANTIL,0,0,S/S,NO DEFINIDO,208,100.00,SEIEM/INV/Libre/1370/2011,01/01/1992,01/01/1992,Activo
2371264,1070380,MESA INFANTIL,0,0,S/S,NO DEFINIDO,209,100.00,SEIEM/INV/Libre/1370/2011,01/01/1992,01/01/1992,Activo
2371265,1070381,MESA INFANTIL,0,0,S/S,NO DEFINIDO,210,100.00,SEIEM/INV/Libre/1370/2011,01/01/1992,01/01/1992,Activo
2371266,1070382,MESA INFANTIL,0,0,S/S,NO DEFINIDO,211,100.00,SEIEM/INV/Libre/1370/2011,01/01/1992,01/01/1992,Activo
2371267,1070383,MESA INFANTIL,0,0,S/S,NO DEFINIDO,212,100.00,SEIEM/INV/Libre/1370/2011,01/01/1992,01/01/1992,Activo
2371268,1070384,MESA INFANTIL,0,0,S/S,NO DEFINIDO,213,100.00,SEIEM/INV/Libre/1370/2011,01/01/1992,01/01/1992,Activo
2371269,1070385,MESA INFANTIL,0,0,S/S,NO DEFINIDO,214,100.00,SEIEM/INV/Libre/1370/2011,01/01/1992,01/01/1992,Activo
2371270,1070386,MESA INFANTIL,0,0,S/S,NO DEFINIDO,215,100.00,SEIEM/INV/Libre/1370/2011,01/01/1992,01/01/1992,Activo
2371271,1070387,MESA INFANTIL,0,0,S/S,NO DEFINIDO,216,100.00,SEIEM/INV/Libre/1370/2011,01/01/1992,01/01/1992,Activo
2371272,1070388,MESA INFANTIL,0,0,S/S,NO DEFINIDO,217,100.00,SEIEM/INV/Libre/1370/2011,01/01/1992,01/01/1992,Activo
2371273,1070389,MESA INFANTIL,0,0,S/S,NO DEFINIDO,218,100.00,SEIEM/INV/Libre/1370/2011,01/01/1992,01/01/1992,Activo
2371274,1070390,MESA INFANTIL,0,0,S/S,NO DEFINIDO,219,100.00,SEIEM/INV/Libre/1370/2011,01/01/1992,01/01/1992,Activo
2371275,1070391,MESA INFANTIL,0,0,S/S,NO DEFINIDO,220,100.00,SEIEM/INV/Libre/1370/2011,01/01/1992,01/01/1992,Activo
2371276,1070392,MESA INFANTIL,0,0,S/S,NO DEFINIDO,221,100.00,SEIEM/INV/Libre/1370/2011,01/01/1992,01/01/1992,Activo
2371277,1070393,MESA INFANTIL,0,0,S/S,NO DEFINIDO,222,100.00,SEIEM/INV/Libre/1370/2011,01/01/1992,01/01/1992,Activo
2371278,1070394,MESA INFANTIL,0,0,S/S,NO DEFINIDO,223,100.00,SEIEM/INV/Libre/1370/2011,01/01/1992,01/01/1992,Activo
2374321,1070395,MESA INFANTIL,0,0,S/S,NO DEFINIDO,224,100.00,SEIEM/INV/Libre/1370/2011,01/01/1992,01/01/1992,Activo
2374322,1070396,MESA INFANTIL,0,0,S/S,NO DEFINIDO,225,100.00,SEIEM/INV/Libre/1370/2011,01/01/1992,01/01/1992,Activo
2374323,1070397,MESA INFANTIL,0,0,S/S,NO DEFINIDO,226,100.00,SEIEM/INV/Libre/1370/2011,01/01/1992,01/01/1992,Activo
2374324,1070398,MESA INFANTIL,0,0,S/S,NO DEFINIDO,227,100.00,SEIEM/INV/Libre/1370/2011,01/01/1992,01/01/1992,Activo
2374325,1070399,MESA INFANTIL,0,0,S/S,NO DEFINIDO,228,100.00,SEIEM/INV/Libre/1370/2011,01/01/1992,01/01/1992,Activo
2374326,1070400,MESA INFANTIL,0,0,S/S,NO DEFINIDO,229,100.00,SEIEM/INV/Libre/1370/2011,01/01/1992,01/01/1992,Activo
2374327,1070401,MESA INFANTIL,0,0,S/S,NO DEFINIDO,230,100.00,SEIEM/INV/Libre/1370/2011,01/01/1992,01/01/1992,Activo
2374328,1070402,MESA INFANTIL,0,0,S/S,NO DEFINIDO,231,100.00,SEIEM/INV/Libre/1370/2011,01/01/1992,01/01/1992,Activo
2374329,1070403,MESA INFANTIL,0,0,S/S,NO DEFINIDO,232,100.00,SEIEM/INV/Libre/1370/2011,01/01/1992,01/01/1992,Activo
2374330,1070404,MESA INFANTIL,0,0,S/S,NO DEFINIDO,233,100.00,SEIEM/INV/Libre/1370/2011,01/01/1992,01/01/1992,Activo
2374331,1070405,MESA INFANTIL,0,0,S/S,NO DEFINIDO,234,100.00,SEIEM/INV/Libre/1370/2011,01/01/1992,01/01/1992,Activo
2374332,1070406,MESA INFANTIL,0,0,S/S,NO DEFINIDO,235,100.00,SEIEM/INV/Libre/1370/2011,01/01/1992,01/01/1992,Activo
2374333,1070407,MESA INFANTIL,0,0,S/S,NO DEFINIDO,236,100.00,SEIEM/INV/Libre/1370/2011,01/01/1992,01/01/1992,Activo
2374334,1070408,MESA INFANTIL,0,0,S/S,NO DEFINIDO,237,100.00,SEIEM/INV/Libre/1370/2011,01/01/1992,01/01/1992,Activo
2374335,1070409,MESA INFANTIL,0,0,S/S,NO DEFINIDO,238,100.00,SEIEM/INV/Libre/1370/2011,01/01/1992,01/01/1992,Activo
2374336,1070410,MESA INFANTIL,0,0,S/S,NO DEFINIDO,239,100.00,SEIEM/INV/Libre/1370/2011,01/01/1992,01/01/1992,Activo
2374337,1070411,MESA INFANTIL,0,0,S/S,NO DEFINIDO,240,100.00,SEIEM/INV/Libre/1370/2011,01/01/1992,01/01/1992,Activo
2374338,1070412,MESA INFANTIL,0,0,S/S,NO DEFINIDO,241,100.00,SEIEM/INV/Libre/1370/2011,01/01/1992,01/01/1992,Activo
2374339,1070413,MESA INFANTIL,0,0,S/S,NO DEFINIDO,242,100.00,SEIEM/INV/Libre/1370/2011,01/01/1992,01/01/1992,Activo
2374340,1070414,MESA INFANTIL,0,0,S/S,NO DEFINIDO,243,100.00,SEIEM/INV/Libre/1370/2011,01/01/1992,01/01/1992,Activo
2374341,1070415,MESA INFANTIL,0,0,S/S,NO DEFINIDO,244,100.00,SEIEM/INV/Libre/1370/2011,01/01/1992,01/01/1992,Activo
2374700,1070416,MESA INFANTIL,0,0,S/S,NO DEFINIDO,245,100.00,SEIEM/INV/Libre/1370/2011,01/01/1992,01/01/1992,Activo
2374701,1070417,MESA INFANTIL,0,0,S/S,NO DEFINIDO,246,100.00,SEIEM/INV/Libre/1370/2011,01/01/1992,01/01/1992,Activo
2374702,1070418,MESA INFANTIL,0,0,S/S,NO DEFINIDO,247,100.00,SEIEM/INV/Libre/1370/2011,01/01/1992,01/01/1992,Activo
2371286,1070419,MESA INFANTIL,0,0,S/S,NO DEFINIDO,248,100.00,SEIEM/INV/Libre/1370/2011,01/01/1992,01/01/1992,Activo
2371287,1070420,MESA INFANTIL,0,0,S/S,NO DEFINIDO,249,100.00,SEIEM/INV/Libre/1370/2011,01/01/1992,01/01/1992,Activo
2371288,1070421,MESA INFANTIL,0,0,S/S,NO DEFINIDO,250,100.00,SEIEM/INV/Libre/1370/2011,01/01/1992,01/01/1992,Activo
2371289,1070422,MESA INFANTIL,0,0,S/S,NO DEFINIDO,251,100.00,SEIEM/INV/Libre/1370/2011,01/01/1992,01/01/1992,Activo
2371290,1070423,MESA INFANTIL,0,0,S/S,NO DEFINIDO,252,100.00,SEIEM/INV/Libre/1370/2011,01/01/1992,01/01/1992,Activo
2371291,1070424,MESA INFANTIL,0,0,S/S,NO DEFINIDO,253,0.00,SEIEM/INV/Libre/1370/2011,01/01/1992,01/01/1992,Activo
2371292,1070425,MESA INFANTIL,0,0,S/S,NO DEFINIDO,254,42.79,SEIEM/INV/Libre/1370/2011,01/01/1992,01/01/1992,Activo
2371293,1070426,MESA INFANTIL,0,0,S/S,NO DEFINIDO,255,42.79,SEIEM/INV/Libre/1370/2011,01/01/1992,01/01/1992,Activo
2460496,1070427,SILLA INFANTIL,0,0,S/S,NO DEFINIDO,256,32.00,SEIEM/INV/Libre/1370/2011,01/01/1992,01/01/1992,Activo
2460497,1070428,SILLA INFANTIL,0,0,S/S,NO DEFINIDO,257,32.00,SEIEM/INV/Libre/1370/2011,01/01/1992,01/01/1992,Activo
2460498,1070429,SILLA INFANTIL,0,0,S/S,NO DEFINIDO,258,32.00,SEIEM/INV/Libre/1370/2011,01/01/1992,01/01/1992,Activo
2463924,1070430,SILLA INFANTIL,0,0,S/S,NO DEFINIDO,259,32.00,SEIEM/INV/Libre/1370/2011,01/01/1992,01/01/1992,Activo
2463925,1070431,SILLA INFANTIL,0,0,S/S,NO DEFINIDO,260,32.00,SEIEM/INV/Libre/1370/2011,01/01/1992,01/01/1992,Activo
2463926,1070432,SILLA INFANTIL,0,0,S/S,NO DEFINIDO,261,32.00,SEIEM/INV/Libre/1370/2011,01/01/1992,01/01/1992,Activo
2463927,1070433,SILLA INFANTIL,0,0,S/S,NO DEFINIDO,262,32.00,SEIEM/INV/Libre/1370/2011,01/01/1992,01/01/1992,Activo
2463928,1070434,SILLA INFANTIL,0,0,S/S,NO DEFINIDO,263,32.00,SEIEM/INV/Libre/1370/2011,01/01/1992,01/01/1992,Activo
2463929,1070435,SILLA INFANTIL,0,0,S/S,NO DEFINIDO,264,32.00,SEIEM/INV/Libre/1370/2011,01/01/1992,01/01/1992,Activo
2463930,1070436,SILLA INFANTIL,0,0,S/S,NO DEFINIDO,265,32.00,SEIEM/INV/Libre/1370/2011,01/01/1992,01/01/1992,Activo
2463931,1070437,SILLA INFANTIL,0,0,S/S,NO DEFINIDO,266,32.00,SEIEM/INV/Libre/1370/2011,01/01/1992,01/01/1992,Activo
2463932,1070438,SILLA INFANTIL,0,0,S/S,NO DEFINIDO,267,32.00,SEIEM/INV/Libre/1370/2011,01/01/1992,01/01/1992,Activo
2463933,1070439,SILLA INFANTIL,0,0,S/S,NO DEFINIDO,268,32.00,SEIEM/INV/Libre/1370/2011,01/01/1992,01/01/1992,Activo
2463934,1070440,SILLA INFANTIL,0,0,S/S,NO DEFINIDO,269,32.00,SEIEM/INV/Libre/1370/2011,01/01/1992,01/01/1992,Activo
2463935,1070441,SILLA INFANTIL,0,0,S/S,NO DEFINIDO,270,32.00,SEIEM/INV/Libre/1370/2011,01/01/1992,01/01/1992,Activo
2463936,1070442,SILLA INFANTIL,0,0,S/S,NO DEFINIDO,271,32.00,SEIEM/INV/Libre/1370/2011,01/01/1992,01/01/1992,Activo
2463937,1070443,SILLA INFANTIL,0,0,S/S,NO DEFINIDO,272,32.00,SEIEM/INV/Libre/1370/2011,01/01/1992,01/01/1992,Activo
2463938,1070444,SILLA INFANTIL,0,0,S/S,NO DEFINIDO,273,32.00,SEIEM/INV/Libre/1370/2011,01/01/1992,01/01/1992,Activo
2463939,1070445,SILLA INFANTIL,0,0,S/S,NO DEFINIDO,274,32.00,SEIEM/INV/Libre/1370/2011,01/01/1992,01/01/1992,Activo
2463940,1070446,SILLA INFANTIL,0,0,S/S,NO DEFINIDO,275,32.00,SEIEM/INV/Libre/1370/2011,01/01/1992,01/01/1992,Activo
2463941,1070447,SILLA INFANTIL,0,0,S/S,NO DEFINIDO,276,32.00,SEIEM/INV/Libre/1370/2011,01/01/1992,01/01/1992,Activo
2463942,1070448,SILLA INFANTIL,0,0,S/S,NO DEFINIDO,277,32.00,SEIEM/INV/Libre/1370/2011,01/01/1992,01/01/1992,Activo
2464297,1070449,SILLA INFANTIL,0,0,S/S,NO DEFINIDO,278,32.00,SEIEM/INV/Libre/1370/2011,01/01/1992,01/01/1992,Activo
2464298,1070450,SILLA INFANTIL,0,0,S/S,NO DEFINIDO,279,32.00,SEIEM/INV/Libre/1370/2011,01/01/1992,01/01/1992,Activo
2464299,1070451,SILLA INFANTIL,0,0,S/S,NO DEFINIDO,280,32.00,SEIEM/INV/Libre/1370/2011,01/01/1992,01/01/1992,Activo
2464300,1070452,SILLA INFANTIL,0,0,S/S,NO DEFINIDO,281,32.00,SEIEM/INV/Libre/1370/2011,01/01/1992,01/01/1992,Activo
2464301,1070453,SILLA INFANTIL,0,0,S/S,NO DEFINIDO,282,32.00,SEIEM/INV/Libre/1370/2011,01/01/1992,01/01/1992,Activo
2461280,1070454,SILLA INFANTIL,0,0,S/S,NO DEFINIDO,283,32.00,SEIEM/INV/Libre/1370/2011,01/01/1992,01/01/1992,Activo
2461281,1070455,SILLA INFANTIL,0,0,S/S,NO DEFINIDO,284,32.00,SEIEM/INV/Libre/1370/2011,01/01/1992,01/01/1992,Activo
2461282,1070456,SILLA INFANTIL,0,0,S/S,NO DEFINIDO,285,32.00,SEIEM/INV/Libre/1370/2011,01/01/1992,01/01/1992,Activo
2461283,1070457,SILLA INFANTIL,0,0,S/S,NO DEFINIDO,286,32.00,SEIEM/INV/Libre/1370/2011,01/01/1992,01/01/1992,Activo
2461284,1070458,SILLA INFANTIL,0,0,S/S,NO DEFINIDO,287,32.00,SEIEM/INV/Libre/1370/2011,01/01/1992,01/01/1992,Activo
2461285,1070459,SILLA INFANTIL,0,0,S/S,NO DEFINIDO,288,32.00,SEIEM/INV/Libre/1370/2011,01/01/1992,01/01/1992,Activo
2461286,1070460,SILLA INFANTIL,0,0,S/S,NO DEFINIDO,289,32.00,SEIEM/INV/Libre/1370/2011,01/01/1992,01/01/1992,Activo
2461287,1070461,SILLA INFANTIL,0,0,S/S,NO DEFINIDO,290,32.00,SEIEM/INV/Libre/1370/2011,01/01/1992,01/01/1992,Activo
2461288,1070462,SILLA INFANTIL,0,0,S/S,NO DEFINIDO,291,32.00,SEIEM/INV/Libre/1370/2011,01/01/1992,01/01/1992,Activo
2461289,1070463,SILLA INFANTIL,0,0,S/S,NO DEFINIDO,292,32.00,SEIEM/INV/Libre/1370/2011,01/01/1992,01/01/1992,Activo
2461290,1070464,SILLA INFANTIL,0,0,S/S,NO DEFINIDO,293,32.00,SEIEM/INV/Libre/1370/2011,01/01/1992,01/01/1992,Activo
2461291,1070465,SILLA INFANTIL,0,0,S/S,NO DEFINIDO,294,32.00,SEIEM/INV/Libre/1370/2011,01/01/1992,01/01/1992,Activo
2461292,1070466,SILLA INFANTIL,0,0,S/S,NO DEFINIDO,295,32.00,SEIEM/INV/Libre/1370/2011,01/01/1992,01/01/1992,Activo
2461293,1070467,SILLA INFANTIL,0,0,S/S,NO DEFINIDO,296,32.00,SEIEM/INV/Libre/1370/2011,01/01/1992,01/01/1992,Activo
2461294,1070468,SILLA INFANTIL,0,0,S/S,NO DEFINIDO,297,32.00,SEIEM/INV/Libre/1370/2011,01/01/1992,01/01/1992,Activo
2461653,1070469,SILLA INFANTIL,0,0,S/S,NO DEFINIDO,298,32.00,SEIEM/INV/Libre/1370/2011,01/01/1992,01/01/1992,Activo
2461654,1070470,SILLA INFANTIL,0,0,S/S,NO DEFINIDO,299,32.00,SEIEM/INV/Libre/1370/2011,01/01/1992,01/01/1992,Activo
2461655,1070471,SILLA INFANTIL,0,0,S/S,NO DEFINIDO,300,32.00,SEIEM/INV/Libre/1370/2011,01/01/1992,01/01/1992,Activo
2461656,1070472,SILLA INFANTIL,0,0,S/S,NO DEFINIDO,301,32.00,SEIEM/INV/Libre/1370/2011,01/01/1992,01/01/1992,Activo
2461657,1070473,SILLA INFANTIL,0,0,S/S,NO DEFINIDO,302,32.00,SEIEM/INV/Libre/1370/2011,01/01/1992,01/01/1992,Activo
2461658,1070474,SILLA INFANTIL,0,0,S/S,NO DEFINIDO,303,32.00,SEIEM/INV/Libre/1370/2011,01/01/1992,01/01/1992,Activo
2461659,1070475,SILLA INFANTIL,0,0,S/S,NO DEFINIDO,304,32.00,SEIEM/INV/Libre/1370/2011,01/01/1992,01/01/1992,Activo
2461660,1070476,SILLA INFANTIL,0,0,S/S,NO DEFINIDO,305,32.00,SEIEM/INV/Libre/1370/2011,01/01/1992,01/01/1992,Activo
2461661,1070477,SILLA INFANTIL,0,0,S/S,NO DEFINIDO,306,32.00,SEIEM/INV/Libre/1370/2011,01/01/1992,01/01/1992,Activo
2464719,1070478,SILLA INFANTIL,0,0,S/S,NO DEFINIDO,307,32.00,SEIEM/INV/Libre/1370/2011,01/01/1992,01/01/1992,Activo
2464720,1070479,SILLA INFANTIL,0,0,S/S,NO DEFINIDO,308,32.00,SEIEM/INV/Libre/1370/2011,01/01/1992,01/01/1992,Activo
2464721,1070480,SILLA INFANTIL,0,0,S/S,NO DEFINIDO,309,32.00,SEIEM/INV/Libre/1370/2011,01/01/1992,01/01/1992,Activo
2464722,1070481,SILLA INFANTIL,0,0,S/S,NO DEFINIDO,310,32.00,SEIEM/INV/Libre/1370/2011,01/01/1992,01/01/1992,Activo
2464723,1070482,SILLA INFANTIL,0,0,S/S,NO DEFINIDO,311,32.00,SEIEM/INV/Libre/1370/2011,01/01/1992,01/01/1992,Activo
2464724,1070483,SILLA INFANTIL,0,0,S/S,NO DEFINIDO,312,32.00,SEIEM/INV/Libre/1370/2011,01/01/1992,01/01/1992,Activo
2464725,1070484,SILLA INFANTIL,0,0,S/S,NO DEFINIDO,313,32.00,SEIEM/INV/Libre/1370/2011,01/01/1992,01/01/1992,Activo
2464726,1070485,SILLA INFANTIL,0,0,S/S,NO DEFINIDO,314,32.00,SEIEM/INV/Libre/1370/2011,01/01/1992,01/01/1992,Activo
2464727,1070486,SILLA INFANTIL,0,0,S/S,NO DEFINIDO,315,32.00,SEIEM/INV/Libre/1370/2011,01/01/1992,01/01/1992,Activo
2465087,1070487,SILLA INFANTIL,0,0,S/S,NO DEFINIDO,316,32.00,SEIEM/INV/Libre/1370/2011,01/01/1992,01/01/1992,Activo
2465088,1070488,SILLA INFANTIL,0,0,S/S,NO DEFINIDO,317,32.00,SEIEM/INV/Libre/1370/2011,01/01/1992,01/01/1992,Activo
2465089,1070489,SILLA INFANTIL,0,0,S/S,NO DEFINIDO,318,32.00,SEIEM/INV/Libre/1370/2011,01/01/1992,01/01/1992,Activo
2465090,1070490,SILLA INFANTIL,0,0,S/S,NO DEFINIDO,319,32.00,SEIEM/INV/Libre/1370/2011,01/01/1992,01/01/1992,Activo
2465091,1070491,SILLA INFANTIL,0,0,S/S,NO DEFINIDO,320,32.00,SEIEM/INV/Libre/1370/2011,01/01/1992,01/01/1992,Activo
2465092,1070492,SILLA INFANTIL,0,0,S/S,NO DEFINIDO,321,32.00,SEIEM/INV/Libre/1370/2011,01/01/1992,01/01/1992,Activo
2465093,1070493,SILLA INFANTIL,0,0,S/S,NO DEFINIDO,322,32.00,SEIEM/INV/Libre/1370/2011,01/01/1992,01/01/1992,Activo
2465094,1070494,SILLA INFANTIL,0,0,S/S,NO DEFINIDO,323,32.00,SEIEM/INV/Libre/1370/2011,01/01/1992,01/01/1992,Activo
2465095,1070495,SILLA INFANTIL,0,0,S/S,NO DEFINIDO,324,32.00,SEIEM/INV/Libre/1370/2011,01/01/1992,01/01/1992,Activo
2465096,1070496,SILLA INFANTIL,0,0,S/S,NO DEFINIDO,325,32.00,SEIEM/INV/Libre/1370/2011,01/01/1992,01/01/1992,Activo
2465097,1070497,SILLA INFANTIL,0,0,S/S,NO DEFINIDO,326,32.00,SEIEM/INV/Libre/1370/2011,01/01/1992,01/01/1992,Activo
2465098,1070498,SILLA INFANTIL,0,0,S/S,NO DEFINIDO,327,32.00,SEIEM/INV/Libre/1370/2011,01/01/1992,01/01/1992,Activo
2465099,1070499,SILLA INFANTIL,0,0,S/S,NO DEFINIDO,328,32.00,SEIEM/INV/Libre/1370/2011,01/01/1992,01/01/1992,Activo
2465100,1070500,SILLA INFANTIL,0,0,S/S,NO DEFINIDO,329,32.00,SEIEM/INV/Libre/1370/2011,01/01/1992,01/01/1992,Activo
2465101,1092501,SILLA INFANTIL,0,0,S/S,NO DEFINIDO,330,32.00,SEIEM/INV/Libre/1370/2011,01/01/1992,01/01/1992,Activo
2462461,1092502,SILLA INFANTIL,0,0,S/S,NO DEFINIDO,331,32.00,SEIEM/INV/Libre/1370/2011,01/01/1992,01/01/1992,Activo
2462462,1092503,SILLA INFANTIL,0,0,S/S,NO DEFINIDO,332,32.00,SEIEM/INV/Libre/1370/2011,01/01/1992,01/01/1992,Activo
2462463,1092504,SILLA INFANTIL,0,0,S/S,NO DEFINIDO,333,32.00,SEIEM/INV/Libre/1370/2011,01/01/1992,01/01/1992,Activo
2462822,1092505,SILLA INFANTIL,0,0,S/S,NO DEFINIDO,334,32.00,SEIEM/INV/Libre/1370/2011,01/01/1992,01/01/1992,Activo
2462823,1092506,SILLA INFANTIL,0,0,S/S,NO DEFINIDO,335,32.00,SEIEM/INV/Libre/1370/2011,01/01/1992,01/01/1992,Activo
2462824,1092507,SILLA INFANTIL,0,0,S/S,NO DEFINIDO,336,32.00,SEIEM/INV/Libre/1370/2011,01/01/1992,01/01/1992,Activo
2462825,1092508,SILLA INFANTIL,0,0,S/S,NO DEFINIDO,337,32.00,SEIEM/INV/Libre/1370/2011,01/01/1992,01/01/1992,Activo
2462826,1092509,SILLA INFANTIL,0,0,S/S,NO DEFINIDO,338,32.00,SEIEM/INV/Libre/1370/2011,01/01/1992,01/01/1992,Activo
2462827,1092510,SILLA INFANTIL,0,0,S/S,NO DEFINIDO,339,32.00,SEIEM/INV/Libre/1370/2011,01/01/1992,01/01/1992,Activo
2462828,1092511,SILLA INFANTIL,0,0,S/S,NO DEFINIDO,340,32.00,SEIEM/INV/Libre/1370/2011,01/01/1992,01/01/1992,Activo
2462829,1092512,SILLA INFANTIL,0,0,S/S,NO DEFINIDO,341,32.00,SEIEM/INV/Libre/1370/2011,01/01/1992,01/01/1992,Activo
2462830,1092513,SILLA INFANTIL,0,0,S/S,NO DEFINIDO,342,32.00,SEIEM/INV/Libre/1370/2011,01/01/1992,01/01/1992,Activo
2462831,1092514,SILLA INFANTIL,0,0,S/S,NO DEFINIDO,343,32.00,SEIEM/INV/Libre/1370/2011,01/01/1992,01/01/1992,Activo
2462832,1092515,SILLA INFANTIL,0,0,S/S,NO DEFINIDO,344,32.00,SEIEM/INV/Libre/1370/2011,01/01/1992,01/01/1992,Activo
2462833,1092516,SILLA INFANTIL,0,0,S/S,NO DEFINIDO,345,32.00,SEIEM/INV/Libre/1370/2011,01/01/1992,01/01/1992,Activo
2462834,1092517,SILLA INFANTIL,0,0,S/S,NO DEFINIDO,346,32.00,SEIEM/INV/Libre/1370/2011,01/01/1992,01/01/1992,Activo
2462835,1092518,SILLA INFANTIL,0,0,S/S,NO DEFINIDO,347,32.00,SEIEM/INV/Libre/1370/2011,01/01/1992,01/01/1992,Activo
2462836,1092519,SILLA INFANTIL,0,0,S/S,NO DEFINIDO,348,32.00,SEIEM/INV/Libre/1370/2011,01/01/1992,01/01/1992,Activo
2462837,1092520,SILLA INFANTIL,0,0,S/S,NO DEFINIDO,349,32.00,SEIEM/INV/Libre/1370/2011,01/01/1992,01/01/1992,Activo
2462838,1092521,SILLA INFANTIL,0,0,S/S,NO DEFINIDO,350,32.00,SEIEM/INV/Libre/1370/2011,01/01/1992,01/01/1992,Activo
2462839,1092522,SILLA INFANTIL,0,0,S/S,NO DEFINIDO,351,32.00,SEIEM/INV/Libre/1370/2011,01/01/1992,01/01/1992,Activo
2462840,1092523,SILLA INFANTIL,0,0,S/S,NO DEFINIDO,352,32.00,SEIEM/INV/Libre/1370/2011,01/01/1992,01/01/1992,Activo
2462841,1092524,SILLA INFANTIL,0,0,S/S,NO DEFINIDO,353,32.00,SEIEM/INV/Libre/1370/2011,01/01/1992,01/01/1992,Activo
2462842,1092525,SILLA INFANTIL,0,0,S/S,NO DEFINIDO,354,32.00,SEIEM/INV/Libre/1370/2011,01/01/1992,01/01/1992,Activo
2460941,1092526,SILLA INFANTIL,0,0,S/S,NO DEFINIDO,355,32.00,SEIEM/INV/Libre/1370/2011,01/01/1992,01/01/1992,Activo
2460942,1092527,SILLA INFANTIL,0,0,S/S,NO DEFINIDO,356,32.00,SEIEM/INV/Libre/1370/2011,01/01/1992,01/01/1992,Activo
2371294,1092528,MESA INFANTIL,0,0,S/S,NO DEFINIDO,357,0.00,SEIEM/INV/Libre/1370/2011,01/01/1992,01/01/1992,Activo
2578356,1092532,SILLA DE MAESTRO,0,0,S/S,NO DEFINIDO,358,28.73,SEIEM/INV/Libre/1370/2011,01/01/1992,01/01/1992,Activo
2578357,1092533,SILLA DE MAESTRO,0,0,S/S,NO DEFINIDO,359,28.73,SEIEM/INV/Libre/1370/2011,01/01/1992,01/01/1992,Activo
2578358,1092534,SILLA DE MAESTRO,0,0,S/S,NO DEFINIDO,360,28.73,SEIEM/INV/Libre/1370/2011,01/01/1992,01/01/1992,Activo
2578359,1092535,SILLA DE MAESTRO,0,0,S/S,NO DEFINIDO,361,28.73,SEIEM/INV/Libre/1370/2011,01/01/1992,01/01/1992,Activo
2578360,1092536,SILLA DE MAESTRO,0,0,S/S,NO DEFINIDO,362,28.73,SEIEM/INV/Libre/1370/2011,01/01/1992,01/01/1992,Activo
2578361,1092537,SILLA DE MAESTRO,0,0,S/S,NO DEFINIDO,363,28.73,SEIEM/INV/Libre/1370/2011,01/01/1992,01/01/1992,Activo
2578362,1092538,SILLA DE MAESTRO,0,0,S/S,NO DEFINIDO,364,28.73,SEIEM/INV/Libre/1370/2011,01/01/1992,01/01/1992,Activo
2578363,1092539,SILLA DE MAESTRO,0,0,S/S,NO DEFINIDO,365,28.73,SEIEM/INV/Libre/1370/2011,01/01/1992,01/01/1992,Activo
2578364,1092540,SILLA DE MAESTRO,0,0,S/S,NO DEFINIDO,366,28.73,SEIEM/INV/Libre/1370/2011,01/01/1992,01/01/1992,Activo
2578365,1092541,SILLA DE MAESTRO,0,0,S/S,NO DEFINIDO,367,28.73,SEIEM/INV/Libre/1370/2011,01/01/1992,01/01/1992,Activo
2578366,1092542,SILLA DE MAESTRO,0,0,S/S,NO DEFINIDO,368,28.73,SEIEM/INV/Libre/1370/2011,01/01/1992,01/01/1992,Activo
2578367,1092543,SILLA DE MAESTRO,0,0,S/S,NO DEFINIDO,369,28.73,SEIEM/INV/Libre/1370/2011,01/01/1992,01/01/1992,Activo
2578368,1092544,SILLA DE MAESTRO,0,0,S/S,NO DEFINIDO,370,28.73,SEIEM/INV/Libre/1370/2011,01/01/1992,01/01/1992,Activo
2578369,1092545,SILLA DE MAESTRO,0,0,S/S,NO DEFINIDO,371,28.73,SEIEM/INV/Libre/1370/2011,01/01/1992,01/01/1992,Activo
2578370,1092546,SILLA DE MAESTRO,0,0,S/S,NO DEFINIDO,372,28.73,SEIEM/INV/Libre/1370/2011,01/01/1992,01/01/1992,Activo
2578371,1092547,SILLA DE MAESTRO,0,0,S/S,NO DEFINIDO,373,28.73,SEIEM/INV/Libre/1370/2011,01/01/1992,01/01/1992,Activo
2578372,1092548,SILLA DE MAESTRO,0,0,S/S,NO DEFINIDO,374,28.73,SEIEM/INV/Libre/1370/2011,01/01/1992,01/01/1992,Activo
2575757,1092549,SILLA DE MAESTRO,0,0,S/S,NO DEFINIDO,375,28.73,SEIEM/INV/Libre/1370/2011,01/01/1992,01/01/1992,Activo
2575758,1092550,SILLA DE MAESTRO,0,0,S/S,NO DEFINIDO,376,28.73,SEIEM/INV/Libre/1370/2011,01/01/1992,01/01/1992,Activo
2575759,1092551,SILLA DE MAESTRO,0,0,S/S,NO DEFINIDO,377,28.73,SEIEM/INV/Libre/1370/2011,01/01/1992,01/01/1992,Activo
2575760,1092552,SILLA DE MAESTRO,0,0,S/S,NO DEFINIDO,378,28.73,SEIEM/INV/Libre/1370/2011,01/01/1992,01/01/1992,Activo
2575761,1092553,SILLA DE MAESTRO,0,0,S/S,NO DEFINIDO,379,28.73,SEIEM/INV/Libre/1370/2011,01/01/1992,01/01/1992,Activo
2575762,1092554,SILLA DE MAESTRO,0,0,S/S,NO DEFINIDO,380,28.73,SEIEM/INV/Libre/1370/2011,01/01/1992,01/01/1992,Activo
2575763,1092555,SILLA DE MAESTRO,0,0,S/S,NO DEFINIDO,381,28.73,SEIEM/INV/Libre/1370/2011,01/01/1992,01/01/1992,Activo
2575764,1092556,SILLA DE MAESTRO,0,0,S/S,NO DEFINIDO,382,28.73,SEIEM/INV/Libre/1370/2011,01/01/1992,01/01/1992,Activo
2575765,1092557,SILLA DE MAESTRO,0,0,S/S,NO DEFINIDO,383,28.73,SEIEM/INV/Libre/1370/2011,01/01/1992,01/01/1992,Activo
2575766,1092558,SILLA DE MAESTRO,0,0,S/S,NO DEFINIDO,384,28.73,SEIEM/INV/Libre/1370/2011,01/01/1992,01/01/1992,Activo
2575767,1092559,SILLA DE MAESTRO,0,0,S/S,NO DEFINIDO,385,28.73,SEIEM/INV/Libre/1370/2011,01/01/1992,01/01/1992,Activo
2575768,1092560,SILLA DE MAESTRO,0,0,S/S,NO DEFINIDO,386,28.73,SEIEM/INV/Libre/1370/2011,01/01/1992,01/01/1992,Activo
2575769,1092561,SILLA DE MAESTRO,0,0,S/S,NO DEFINIDO,387,28.73,SEIEM/INV/Libre/1370/2011,01/01/1992,01/01/1992,Activo
2575770,1092562,SILLA DE MAESTRO,0,0,S/S,NO DEFINIDO,388,28.73,SEIEM/INV/Libre/1370/2011,01/01/1992,01/01/1992,Activo
2575771,1092563,SILLA DE MAESTRO,0,0,S/S,NO DEFINIDO,389,28.73,SEIEM/INV/Libre/1370/2011,01/01/1992,01/01/1992,Activo
2575772,1092564,SILLA DE MAESTRO,0,0,S/S,NO DEFINIDO,390,28.73,SEIEM/INV/Libre/1370/2011,01/01/1992,01/01/1992,Activo
2575773,1092565,SILLA DE MAESTRO,0,0,S/S,NO DEFINIDO,391,28.73,SEIEM/INV/Libre/1370/2011,01/01/1992,01/01/1992,Activo
2575774,1092566,SILLA DE MAESTRO,0,0,S/S,NO DEFINIDO,392,28.73,SEIEM/INV/Libre/1370/2011,01/01/1992,01/01/1992,Activo
2575775,1092567,SILLA DE MAESTRO,0,0,S/S,NO DEFINIDO,393,28.73,SEIEM/INV/Libre/1370/2011,01/01/1992,01/01/1992,Activo
2575776,1092568,SILLA DE MAESTRO,0,0,S/S,NO DEFINIDO,394,28.73,SEIEM/INV/Libre/1370/2011,01/01/1992,01/01/1992,Activo
2576126,1092569,SILLA DE MAESTRO,0,0,S/S,NO DEFINIDO,395,28.73,SEIEM/INV/Libre/1370/2011,01/01/1992,01/01/1992,Activo
2576127,1092570,SILLA DE MAESTRO,0,0,S/S,NO DEFINIDO,396,28.73,SEIEM/INV/Libre/1370/2011,01/01/1992,01/01/1992,Activo
2576128,1092571,SILLA DE MAESTRO,0,0,S/S,NO DEFINIDO,397,28.73,SEIEM/INV/Libre/1370/2011,01/01/1992,01/01/1992,Activo
2576129,1092572,SILLA DE MAESTRO,0,0,S/S,NO DEFINIDO,398,28.73,SEIEM/INV/Libre/1370/2011,01/01/1992,01/01/1992,Activo
2578873,1092573,SILLA DE MAESTRO,0,0,S/S,NO DEFINIDO,399,28.73,SEIEM/INV/Libre/1370/2011,01/01/1992,01/01/1992,Activo
2577763,1092574,SILLA DE MAESTRO,0,0,S/S,NO DEFINIDO,400,28.73,SEIEM/INV/Libre/1370/2011,01/01/1992,01/01/1992,Activo
2577764,1092575,SILLA DE MAESTRO,0,0,S/S,NO DEFINIDO,401,28.73,SEIEM/INV/Libre/1370/2011,01/01/1992,01/01/1992,Activo
2577765,1092576,SILLA DE MAESTRO,0,0,S/S,NO DEFINIDO,402,28.73,SEIEM/INV/Libre/1370/2011,01/01/1992,01/01/1992,Activo
2328519,1092577,LIBRERO,0,0,S/S,NO DEFINIDO,403,1400.00,SEIEM/INV/Libre/1370/2011,01/01/1992,01/01/1992,Activo
2328520,1092578,LIBRERO,0,0,S/S,NO DEFINIDO,404,1400.00,SEIEM/INV/Libre/1370/2011,01/01/1992,01/01/1992,Activo
2560445,112525,VIDEOCASETERA,DAEWOO,0,608C900237,NO DEFINIDO,405,1227.05,SEIEM/INV/Libre/1370/2011,13/02/1997,13/02/1997,Activo
2567328,1543799,DVD (REPRODUCTOR DE PELICULA),SONY,0,2222732,NO DEFINIDO,406,987.00,SEIEM/INV/Libre/1370/2011,27/01/2007,27/01/2007,Activo
2561773,1543800,REGULADOR,KOBLENZ,0,S/S,NO DEFINIDO,407,359.00,SEIEM/INV/Libre/1370/2011,27/01/2007,27/01/2007,Activo
2600816,1543801,TELESCOPIO,MIZAR,0,7501728711313,NO DEFINIDO,408,1985.00,SEIEM/INV/Libre/1370/2011,27/01/2007,27/01/2007,Activo
2563600,1543802,C.P.U.,EMACHINES,0,CLX6510001561,NO DEFINIDO,409,3179.00,SEIEM/INV/Libre/1370/2011,27/01/2007,27/01/2007,Activo
2571457,1543803,TECLADO,EMACHINES,0,6E41500221B,NO DEFINIDO,410,200.00,SEIEM/INV/Libre/1370/2011,27/01/2007,27/01/2007,Activo
2573435,1543804,MOUSE,EMACHINES,0,71-20057D05DA-585872,NO DEFINIDO,411,100.00,SEIEM/INV/Libre/1370/2011,27/01/2007,27/01/2007,Activo
2561321,1543805,BOCINAS (P/COMPUTADORA PAR),0,0,1290625029225,NO DEFINIDO,412,300.00,SEIEM/INV/Libre/1370/2011,27/01/2007,27/01/2007,Activo
2569804,1543806,MONITOR,EMACHINES,0,MZ26550001591,NO DEFINIDO,413,2000.00,SEIEM/INV/Libre/1370/2011,27/01/2007,27/01/2007,Activo
2563601,1543807,C.P.U.,EMACHINES,0,CLX6510000831,NO DEFINIDO,414,3179.00,SEIEM/INV/Libre/1370/2011,27/01/2007,27/01/2007,Activo
2569805,1543808,MONITOR,EMACHINES,0,MZ26450001917,NO DEFINIDO,415,2000.00,SEIEM/INV/Libre/1370/2011,27/01/2007,27/01/2007,Activo
2568868,1543809,TECLADO,EMACHINES,0,06D25900370D,NO DEFINIDO,416,200.00,SEIEM/INV/Libre/1370/2011,27/01/2007,27/01/2007,Activo
2573436,1543810,MOUSE,EMACHINES,0,25-70202-646500622,NO DEFINIDO,417,100.00,SEIEM/INV/Libre/1370/2011,27/01/2007,27/01/2007,Activo
2561322,1543811,BOCINAS (P/COMPUTADORA PAR),0,0,1290627654,NO DEFINIDO,418,300.00,SEIEM/INV/Libre/1370/2011,27/01/2007,27/01/2007,Activo
2558935,1543812,TELEVISION,MITZUI,0,H10600004504,NO DEFINIDO,419,3887.00,SEIEM/INV/Libre/1370/2011,27/01/2007,27/01/2007,Activo
2557971,1543813, BAFLE,STEREN,0,S/S,NO DEFINIDO,420,2984.00,SEIEM/INV/Libre/1370/2011,27/01/2007,27/01/2007,Activo
2568097,1543814,IMPRESORA,EPSON,0,S/S,NO DEFINIDO,421,1284.00,SEIEM/INV/Libre/1370/2011,27/01/2007,27/01/2007,Activo
2591887,1822378,BOMBA P/AGUA,TRUPER,0,S/S,NO DEFINIDO,422,990.50,SEIEM/INV/Libre/1370/2011,17/10/2008,17/10/2008,Activo
2563602,1823325,C.P.U.,DELL,0,FMZCRD1,NO DEFINIDO,423,6694.96,SEIEM/INV/Libre/1370/2011,14/01/2009,14/01/2009,Activo
2569806,1823326,MONITOR,DELL,0,CNOJ92356418075C00LZ,NO DEFINIDO,424,3000.00,SEIEM/INV/Libre/1370/2011,14/01/2009,14/01/2009,Activo
2568869,1823327,TECLADO,DELL,0,S/S,NO DEFINIDO,425,250.00,SEIEM/INV/Libre/1370/2011,14/01/2009,14/01/2009,Activo
2573437,1823328,MOUSE,DELL,0,S/S,NO DEFINIDO,426,150.00,SEIEM/INV/Libre/1370/2011,14/01/2009,14/01/2009,Activo
2577766,1940846,SILLA DE MAESTRO,0,0,S/S,NO DEFINIDO,427,294.77,SEIEM/INV/Libre/1370/2011,18/04/2009,18/04/2009,Activo
2325210,1940847,ANAQUEL MOVIL,0,0,S/S,NO DEFINIDO,428,767.33,SEIEM/INV/Libre/1370/2011,18/04/2009,18/04/2009,Activo
2326052,1940848,ARCHIVERO DE METAL,0,0,S/S,NO DEFINIDO,429,1855.50,SEIEM/INV/Libre/1370/2011,18/04/2009,18/04/2009,Activo
2400544,1940849,MESA PARA MAESTRO,0,0,S/S,NO DEFINIDO,430,638.44,SEIEM/INV/Libre/1370/2011,18/04/2009,18/04/2009,Activo
2400545,1940850,MESA PARA MAESTRO,0,0,S/S,NO DEFINIDO,431,638.44,SEIEM/INV/Libre/1370/2011,18/04/2009,18/04/2009,Activo
2400546,1940851,MESA PARA MAESTRO,0,0,S/S,NO DEFINIDO,432,638.44,SEIEM/INV/Libre/1370/2011,18/04/2009,18/04/2009,Activo
2349027,1940852,MESA TRAPEZOIDAL CHICA,0,0,S/S,NO DEFINIDO,433,609.21,SEIEM/INV/Libre/1370/2011,18/04/2009,18/04/2009,Activo
2349365,1940853,MESA TRAPEZOIDAL CHICA,0,0,S/S,NO DEFINIDO,434,609.21,SEIEM/INV/Libre/1370/2011,18/04/2009,18/04/2009,Activo
2346502,1940854,MESA TRAPEZOIDAL CHICA,0,0,S/S,NO DEFINIDO,435,609.21,SEIEM/INV/Libre/1370/2011,18/04/2009,18/04/2009,Activo
2346503,1940855,MESA TRAPEZOIDAL CHICA,0,0,S/S,NO DEFINIDO,436,609.21,SEIEM/INV/Libre/1370/2011,18/04/2009,18/04/2009,Activo
2346504,1940856,MESA TRAPEZOIDAL CHICA,0,0,S/S,NO DEFINIDO,437,609.21,SEIEM/INV/Libre/1370/2011,18/04/2009,18/04/2009,Activo
2346505,1940857,MESA TRAPEZOIDAL CHICA,0,0,S/S,NO DEFINIDO,438,609.21,SEIEM/INV/Libre/1370/2011,18/04/2009,18/04/2009,Activo
2599654,2160810,EQUIPO DE SONIDO,NADY,0,S/S,NO DEFINIDO,439,7060.86,SEIEM/INV/Libre/1370/2011,16/02/2011,16/02/2011,Activo
2577767,2160811,SILLA DE MAESTRO,0,0,S/S,NO DEFINIDO,440,221.51,SEIEM/INV/Libre/1370/2011,16/02/2011,16/02/2011,Activo
2577768,2160812,SILLA DE MAESTRO,0,0,S/S,NO DEFINIDO,441,221.51,SEIEM/INV/Libre/1370/2011,16/02/2011,16/02/2011,Activo
2577769,2160813,SILLA DE MAESTRO,0,0,S/S,NO DEFINIDO,442,221.51,SEIEM/INV/Libre/1370/2011,16/02/2011,16/02/2011,Activo
2577770,2160814,SILLA DE MAESTRO,0,0,S/S,NO DEFINIDO,443,221.51,SEIEM/INV/Libre/1370/2011,16/02/2011,16/02/2011,Activo
2568054,2202726,COMPUTADORA LAP-TOP,HP,0,93PPQFQBPM,NO DEFINIDO,444,8665.00,SEIEM/INV/Libre/1370/2011,19/05/2011,19/05/2011,Activo
2559879,2202727,BOCINAS (P/COMPUTADORA PAR),ALTEC,0,FDUS0212057,NO DEFINIDO,445,349.00,SEIEM/INV/Libre/1370/2011,19/05/2011,19/05/2011,Activo
2559595,2202728,CAÑON (VIDEOPROYECTOR),EPSON,0,V11H319320,NO DEFINIDO,446,8999.00,SEIEM/INV/Libre/1370/2011,19/05/2011,19/05/2011,Activo
2567024,2202729,IMPRESORA MULTIFUNCIONAL,HP,0,CN1353D32Z,NO DEFINIDO,447,1110.00,SEIEM/INV/Libre/1370/2011,19/05/2011,19/05/2011,Activo
3874571,2306380,"GABINETE UNIVERSAL 15DJN0823L FOLIO 108481
 ",S/M,S/M,S/S,NO DEFINIDO,448,3389.52,SEIEM/INV/Libre/1371/2012,15/06/2012,15/06/2012,Activo
3874573,2306381,"GABINETE UNIVERSAL 15DJN0823L FOLIO 108481
 ",S/M,S/M,S/S,NO DEFINIDO,449,3389.52,SEIEM/INV/Libre/1371/2012,15/06/2012,15/06/2012,Activo
3874574,2306382,"LIBRERO 15DJN0823L FOLIO 108481
",S/M,S/M,S/S,NO DEFINIDO,450,1799.16,SEIEM/INV/Libre/1371/2012,15/06/2012,15/06/2012,Activo
3874575,2306383,"LIBRERO 15DJN0823L FOLIO 108481
",S/M,S/M,S/S,NO DEFINIDO,451,1799.16,SEIEM/INV/Libre/1371/2012,15/06/2012,15/06/2012,Activo
3874576,2306384,"LIBRERO 15DJN0823L FOLIO 108481
",S/M,S/M,S/S,NO DEFINIDO,452,1799.16,SEIEM/INV/Libre/1371/2012,15/06/2012,15/06/2012,Activo
3874577,2306385,"LIBRERO 15DJN0823L FOLIO 108481
",S/M,S/M,S/S,NO DEFINIDO,453,1799.16,SEIEM/INV/Libre/1371/2012,15/06/2012,15/06/2012,Activo
3874578,2306386,"LIBRERO 15DJN0823L FOLIO 108481
",S/M,S/M,S/S,NO DEFINIDO,454,1799.16,SEIEM/INV/Libre/1371/2012,15/06/2012,15/06/2012,Activo
3874583,2306387,MUEBLE DE MADERA ORGANIZADOR DE MELAMINA CON RUEDITAS,S/M,S/M,S/S,NO DEFINIDO,455,2300.28,SEIEM/INV/Libre/1371/2012,15/06/2012,15/06/2012,Activo
3874584,2306388,MUEBLE DE MADERA ORGANIZADOR DE MELAMINA CON RUEDITAS,S/M,S/M,S/S,NO DEFINIDO,456,2300.28,SEIEM/INV/Libre/1371/2012,15/06/2012,15/06/2012,Activo
3874586,2306389,MUEBLE DE MADERA ORGANIZADOR DE MELAMINA CON RUEDITAS,S/M,S/M,S/S,NO DEFINIDO,457,2300.28,SEIEM/INV/Libre/1371/2012,15/06/2012,15/06/2012,Activo
3874587,2306390,MUEBLE DE MADERA ORGANIZADOR DE MELAMINA CON RUEDITAS,S/M,S/M,S/S,NO DEFINIDO,458,2300.28,SEIEM/INV/Libre/1371/2012,15/06/2012,15/06/2012,Activo
3874588,2306391,MUEBLE DE MADERA ORGANIZADOR DE MELAMINA CON RUEDITAS,S/M,S/M,S/S,NO DEFINIDO,459,2300.28,SEIEM/INV/Libre/1371/2012,15/06/2012,15/06/2012,Activo
3874589,2306392,MUEBLE DE MADERA ORGANIZADOR DE MELAMINA CON RUEDITAS,S/M,S/M,S/S,NO DEFINIDO,460,2300.28,SEIEM/INV/Libre/1371/2012,15/06/2012,15/06/2012,Activo
3874590,2306393,MUEBLE DE MADERA LATERAL DE MELAMINA CON RUEDITAS,S/M,S/M,S/S,NO DEFINIDO,461,1200.60,SEIEM/INV/Libre/1371/2012,15/06/2012,15/06/2012,Activo
3874591,2306394,MUEBLE DE MADERA LATERAL DE MELAMINA CON RUEDITAS,S/M,S/M,S/S,NO DEFINIDO,462,1200.60,SEIEM/INV/Libre/1371/2012,15/06/2012,15/06/2012,Activo
3874593,2306395,MUEBLE DE MADERA LATERAL DE MELAMINA CON RUEDITAS,S/M,S/M,S/S,NO DEFINIDO,463,1200.60,SEIEM/INV/Libre/1371/2012,15/06/2012,15/06/2012,Activo
3874595,2306396,ARCHIVERO METALICO DE 2 GAVETAS,S/M,S/M,S/S,ARENA,464,1760.96,SEIEM/INV/Libre/1371/2012,15/06/2012,15/06/2012,Activo
3874596,2306397,ESTAND DE PISO PARA LIBROS DE MELAMINA CON RUEDITAS MEDIDAS 90 X 110 X 50,S/M,S/M,S/S,ARENA,465,1060.72,SEIEM/INV/Libre/1371/2012,15/06/2012,15/06/2012,Activo
4172022,2508844,JUEGO CASITA DE PLASTICO,NEW COLORS,S/M,S/S,NO DEFINIDO,466,12141.00,SEIEM/INV/Libre/1433/2014,03/04/2014,03/04/2014,Activo
4172023,2508845,JUEGO DE ESCALAR LA CIMA,PLAYGROUND,S/M,S/S,NO DEFINIDO,467,9731.17,SEIEM/INV/Libre/1433/2014,03/04/2014,03/04/2014,Activo
4385090,2691893,JUEGO INFANTIL MODULAR MOD S-,0,0,0,NO DEFINIDO,468,17000.00,SEIEM/INV/Libre/1434/2015,30/06/2015,30/06/2015,Activo
4416821,2767606,MESA PARA MAESTRO,0,S/M,S/S,NO DEFINIDO,469,1165.50,SEIEM/INV/Libre/1434/2015,09/11/2015,09/11/2015,Activo
4427930,2767607,SILLA DE MAESTRO,0,S/M,S/S,NO DEFINIDO,470,427.97,SEIEM/INV/Libre/1434/2015,11/09/2015,11/09/2015,Activo
4418551,2767608,MESA TRAPEZOIDAL PREESCOLAR,0,S/M,S/S,NO DEFINIDO,471,988.25,SEIEM/INV/Libre/1434/2015,09/11/2015,09/11/2015,Activo
4418552,2767609,MESA TRAPEZOIDAL PREESCOLAR,0,S/M,S/S,NO DEFINIDO,472,988.25,SEIEM/INV/Libre/1434/2015,09/11/2015,09/11/2015,Activo
4418553,2767610,MESA TRAPEZOIDAL PREESCOLAR,0,S/M,S/S,NO DEFINIDO,473,988.25,SEIEM/INV/Libre/1434/2015,09/11/2015,09/11/2015,Activo
4418554,2767611,MESA TRAPEZOIDAL PREESCOLAR,0,S/M,S/S,NO DEFINIDO,474,988.25,SEIEM/INV/Libre/1434/2015,09/11/2015,09/11/2015,Activo
4418555,2767612,MESA TRAPEZOIDAL PREESCOLAR,0,S/M,S/S,NO DEFINIDO,475,988.25,SEIEM/INV/Libre/1434/2015,09/11/2015,09/11/2015,Activo
4418556,2767613,MESA TRAPEZOIDAL PREESCOLAR,0,S/M,S/S,NO DEFINIDO,476,988.25,SEIEM/INV/Libre/1434/2015,09/11/2015,09/11/2015,Activo
4418557,2767614,MESA TRAPEZOIDAL PREESCOLAR,0,S/M,S/S,NO DEFINIDO,477,988.25,SEIEM/INV/Libre/1434/2015,09/11/2015,09/11/2015,Activo
4418558,2767615,MESA TRAPEZOIDAL PREESCOLAR,0,S/M,S/S,NO DEFINIDO,478,988.25,SEIEM/INV/Libre/1434/2015,09/11/2015,09/11/2015,Activo
4418559,2767616,MESA TRAPEZOIDAL PREESCOLAR,0,S/M,S/S,NO DEFINIDO,479,988.25,SEIEM/INV/Libre/1434/2015,09/11/2015,09/11/2015,Activo
4418560,2767617,MESA TRAPEZOIDAL PREESCOLAR,0,S/M,S/S,NO DEFINIDO,480,988.25,SEIEM/INV/Libre/1434/2015,09/11/2015,09/11/2015,Activo
4418561,2767618,MESA TRAPEZOIDAL PREESCOLAR,0,S/M,S/S,NO DEFINIDO,481,988.25,SEIEM/INV/Libre/1434/2015,09/11/2015,09/11/2015,Activo
4418562,2767619,MESA TRAPEZOIDAL PREESCOLAR,0,S/M,S/S,NO DEFINIDO,482,988.25,SEIEM/INV/Libre/1434/2015,09/11/2015,09/11/2015,Activo
4418563,2767620,MESA TRAPEZOIDAL PREESCOLAR,0,S/M,S/S,NO DEFINIDO,483,988.25,SEIEM/INV/Libre/1434/2015,09/11/2015,09/11/2015,Activo
4417284,2767621,MESA TRAPEZOIDAL PREESCOLAR,0,S/M,S/S,NO DEFINIDO,484,988.25,SEIEM/INV/Libre/1434/2015,09/11/2015,09/11/2015,Activo
4417285,2767622,MESA TRAPEZOIDAL PREESCOLAR,0,S/M,S/S,NO DEFINIDO,485,988.25,SEIEM/INV/Libre/1434/2015,09/11/2015,09/11/2015,Activo
4417286,2767623,MESA TRAPEZOIDAL PREESCOLAR,0,S/M,S/S,NO DEFINIDO,486,988.25,SEIEM/INV/Libre/1434/2015,09/11/2015,09/11/2015,Activo
4417287,2767624,MESA TRAPEZOIDAL PREESCOLAR,0,S/M,S/S,NO DEFINIDO,487,988.25,SEIEM/INV/Libre/1434/2015,09/11/2015,09/11/2015,Activo
4417288,2767625,MESA TRAPEZOIDAL PREESCOLAR,0,S/M,S/S,NO DEFINIDO,488,988.25,SEIEM/INV/Libre/1434/2015,09/11/2015,09/11/2015,Activo
4417289,2767626,MESA TRAPEZOIDAL PREESCOLAR,0,S/M,S/S,NO DEFINIDO,489,988.25,SEIEM/INV/Libre/1434/2015,09/11/2015,09/11/2015,Activo
4417290,2767627,MESA TRAPEZOIDAL PREESCOLAR,0,S/M,S/S,NO DEFINIDO,490,988.25,SEIEM/INV/Libre/1434/2015,09/11/2015,09/11/2015,Activo
4414228,2767628,SILLA APILABLE PREESCOLAR,0,S/M,S/S,NO DEFINIDO,491,271.58,SEIEM/INV/Libre/1434/2015,11/09/2015,11/09/2015,Activo
4414229,2767629,SILLA APILABLE PREESCOLAR,0,S/M,S/S,NO DEFINIDO,492,271.58,SEIEM/INV/Libre/1434/2015,11/09/2015,11/09/2015,Activo
4414230,2767630,SILLA APILABLE PREESCOLAR,0,S/M,S/S,NO DEFINIDO,493,271.58,SEIEM/INV/Libre/1434/2015,11/09/2015,11/09/2015,Activo
4414231,2767631,SILLA APILABLE PREESCOLAR,0,S/M,S/S,NO DEFINIDO,494,271.58,SEIEM/INV/Libre/1434/2015,11/09/2015,11/09/2015,Activo
4414232,2767632,SILLA APILABLE PREESCOLAR,0,S/M,S/S,NO DEFINIDO,495,271.58,SEIEM/INV/Libre/1434/2015,11/09/2015,11/09/2015,Activo
4414233,2767633,SILLA APILABLE PREESCOLAR,0,S/M,S/S,NO DEFINIDO,496,271.58,SEIEM/INV/Libre/1434/2015,11/09/2015,11/09/2015,Activo
4414234,2767634,SILLA APILABLE PREESCOLAR,0,S/M,S/S,NO DEFINIDO,497,271.58,SEIEM/INV/Libre/1434/2015,11/09/2015,11/09/2015,Activo
4414235,2767635,SILLA APILABLE PREESCOLAR,0,S/M,S/S,NO DEFINIDO,498,271.58,SEIEM/INV/Libre/1434/2015,11/09/2015,11/09/2015,Activo
4414236,2767636,SILLA APILABLE PREESCOLAR,0,S/M,S/S,NO DEFINIDO,499,271.58,SEIEM/INV/Libre/1434/2015,11/09/2015,11/09/2015,Activo
4414237,2767637,SILLA APILABLE PREESCOLAR,0,S/M,S/S,NO DEFINIDO,500,271.58,SEIEM/INV/Libre/1434/2015,11/09/2015,11/09/2015,Activo
4414238,2767638,SILLA APILABLE PREESCOLAR,0,S/M,S/S,NO DEFINIDO,501,271.58,SEIEM/INV/Libre/1434/2015,11/09/2015,11/09/2015,Activo
4414239,2767639,SILLA APILABLE PREESCOLAR,0,S/M,S/S,NO DEFINIDO,502,271.58,SEIEM/INV/Libre/1434/2015,11/09/2015,11/09/2015,Activo
4414240,2767640,SILLA APILABLE PREESCOLAR,0,S/M,S/S,NO DEFINIDO,503,271.58,SEIEM/INV/Libre/1434/2015,11/09/2015,11/09/2015,Activo
4414241,2767641,SILLA APILABLE PREESCOLAR,0,S/M,S/S,NO DEFINIDO,504,271.58,SEIEM/INV/Libre/1434/2015,11/09/2015,11/09/2015,Activo
4414242,2767642,SILLA APILABLE PREESCOLAR,0,S/M,S/S,NO DEFINIDO,505,271.58,SEIEM/INV/Libre/1434/2015,11/09/2015,11/09/2015,Activo
4414243,2767643,SILLA APILABLE PREESCOLAR,0,S/M,S/S,NO DEFINIDO,506,271.58,SEIEM/INV/Libre/1434/2015,11/09/2015,11/09/2015,Activo
4414244,2767644,SILLA APILABLE PREESCOLAR,0,S/M,S/S,NO DEFINIDO,507,271.58,SEIEM/INV/Libre/1434/2015,11/09/2015,11/09/2015,Activo
4414245,2767645,SILLA APILABLE PREESCOLAR,0,S/M,S/S,NO DEFINIDO,508,271.58,SEIEM/INV/Libre/1434/2015,11/09/2015,11/09/2015,Activo
4414246,2767646,SILLA APILABLE PREESCOLAR,0,S/M,S/S,NO DEFINIDO,509,271.58,SEIEM/INV/Libre/1434/2015,11/09/2015,11/09/2015,Activo
4414307,2767647,SILLA APILABLE PREESCOLAR,0,S/M,S/S,NO DEFINIDO,510,271.58,SEIEM/INV/Libre/1434/2015,11/09/2015,11/09/2015,Activo
4414308,2767648,SILLA APILABLE PREESCOLAR,0,S/M,S/S,NO DEFINIDO,511,271.58,SEIEM/INV/Libre/1434/2015,11/09/2015,11/09/2015,Activo
4414309,2767649,SILLA APILABLE PREESCOLAR,0,S/M,S/S,NO DEFINIDO,512,271.58,SEIEM/INV/Libre/1434/2015,11/09/2015,11/09/2015,Activo
4414310,2767650,SILLA APILABLE PREESCOLAR,0,S/M,S/S,NO DEFINIDO,513,271.58,SEIEM/INV/Libre/1434/2015,11/09/2015,11/09/2015,Activo
4414311,2767651,SILLA APILABLE PREESCOLAR,0,S/M,S/S,NO DEFINIDO,514,271.58,SEIEM/INV/Libre/1434/2015,11/09/2015,11/09/2015,Activo
4414312,2767652,SILLA APILABLE PREESCOLAR,0,S/M,S/S,NO DEFINIDO,515,271.58,SEIEM/INV/Libre/1434/2015,11/09/2015,11/09/2015,Activo
4414313,2767653,SILLA APILABLE PREESCOLAR,0,S/M,S/S,NO DEFINIDO,516,271.58,SEIEM/INV/Libre/1434/2015,11/09/2015,11/09/2015,Activo
4414314,2767654,SILLA APILABLE PREESCOLAR,0,S/M,S/S,NO DEFINIDO,517,271.58,SEIEM/INV/Libre/1434/2015,11/09/2015,11/09/2015,Activo
4414315,2767655,SILLA APILABLE PREESCOLAR,0,S/M,S/S,NO DEFINIDO,518,271.58,SEIEM/INV/Libre/1434/2015,11/09/2015,11/09/2015,Activo
4414316,2767656,SILLA APILABLE PREESCOLAR,0,S/M,S/S,NO DEFINIDO,519,271.58,SEIEM/INV/Libre/1434/2015,11/09/2015,11/09/2015,Activo
4414317,2767657,SILLA APILABLE PREESCOLAR,0,S/M,S/S,NO DEFINIDO,520,271.58,SEIEM/INV/Libre/1434/2015,11/09/2015,11/09/2015,Activo
4414318,2767658,SILLA APILABLE PREESCOLAR,0,S/M,S/S,NO DEFINIDO,521,271.58,SEIEM/INV/Libre/1434/2015,11/09/2015,11/09/2015,Activo
4414319,2767659,SILLA APILABLE PREESCOLAR,0,S/M,S/S,NO DEFINIDO,522,271.58,SEIEM/INV/Libre/1434/2015,11/09/2015,11/09/2015,Activo
4414320,2767660,SILLA APILABLE PREESCOLAR,0,S/M,S/S,NO DEFINIDO,523,271.58,SEIEM/INV/Libre/1434/2015,11/09/2015,11/09/2015,Activo
4414321,2767661,SILLA APILABLE PREESCOLAR,0,S/M,S/S,NO DEFINIDO,524,271.58,SEIEM/INV/Libre/1434/2015,11/09/2015,11/09/2015,Activo
4414322,2767662,SILLA APILABLE PREESCOLAR,0,S/M,S/S,NO DEFINIDO,525,271.58,SEIEM/INV/Libre/1434/2015,11/09/2015,11/09/2015,Activo
4414323,2767663,SILLA APILABLE PREESCOLAR,0,S/M,S/S,NO DEFINIDO,526,271.58,SEIEM/INV/Libre/1434/2015,11/09/2015,11/09/2015,Activo
4414324,2767664,SILLA APILABLE PREESCOLAR,0,S/M,S/S,NO DEFINIDO,527,271.58,SEIEM/INV/Libre/1434/2015,11/09/2015,11/09/2015,Activo
4414325,2767665,SILLA APILABLE PREESCOLAR,0,S/M,S/S,NO DEFINIDO,528,271.58,SEIEM/INV/Libre/1434/2015,11/09/2015,11/09/2015,Activo
4414326,2767666,SILLA APILABLE PREESCOLAR,0,S/M,S/S,NO DEFINIDO,529,271.58,SEIEM/INV/Libre/1434/2015,11/09/2015,11/09/2015,Activo
4414387,2767667,SILLA APILABLE PREESCOLAR,0,S/M,S/S,NO DEFINIDO,530,271.58,SEIEM/INV/Libre/1434/2015,11/09/2015,11/09/2015,Activo
5157538,3441713,PINTARRON,,,Sin serie,BLANCO,531,3750.00,SEIEM/INV/Salida Almacen/6349/2017,01/07/2017,01/07/2017,Activo
5157539,3441714,MESA PARA MAESTRO,,,Sin serie,VERDE,532,1180.00,SEIEM/INV/Salida Almacen/6349/2017,01/07/2017,01/07/2017,Activo
5157540,3441715,MESA TRAPEZOIDAL PREESCOLAR,,,Sin serie,VERDE,533,1050.00,SEIEM/INV/Salida Almacen/6349/2017,01/07/2017,01/07/2017,Activo
5157541,3441716,MESA TRAPEZOIDAL PREESCOLAR,,,Sin serie,VERDE,534,1050.00,SEIEM/INV/Salida Almacen/6349/2017,01/07/2017,01/07/2017,Activo
5157542,3441717,MESA TRAPEZOIDAL PREESCOLAR,,,Sin serie,VERDE,535,1050.00,SEIEM/INV/Salida Almacen/6349/2017,01/07/2017,01/07/2017,Activo
5157543,3441718,MESA TRAPEZOIDAL PREESCOLAR,,,Sin serie,VERDE,536,1050.00,SEIEM/INV/Salida Almacen/6349/2017,01/07/2017,01/07/2017,Activo
5157544,3441719,MESA TRAPEZOIDAL PREESCOLAR,,,Sin serie,VERDE,537,1050.00,SEIEM/INV/Salida Almacen/6349/2017,01/07/2017,01/07/2017,Activo
5157545,3441720,MESA TRAPEZOIDAL PREESCOLAR,,,Sin serie,VERDE,538,1050.00,SEIEM/INV/Salida Almacen/6349/2017,01/07/2017,01/07/2017,Activo
5157546,3441721,MESA TRAPEZOIDAL PREESCOLAR,,,Sin serie,VERDE,539,1050.00,SEIEM/INV/Salida Almacen/6349/2017,01/07/2017,01/07/2017,Activo
5157547,3441722,MESA TRAPEZOIDAL PREESCOLAR,,,Sin serie,VERDE,540,1050.00,SEIEM/INV/Salida Almacen/6349/2017,01/07/2017,01/07/2017,Activo
5157548,3441723,MESA TRAPEZOIDAL PREESCOLAR,,,Sin serie,VERDE,541,1050.00,SEIEM/INV/Salida Almacen/6349/2017,01/07/2017,01/07/2017,Activo
5157549,3441724,MESA TRAPEZOIDAL PREESCOLAR,,,Sin serie,VERDE,542,1050.00,SEIEM/INV/Salida Almacen/6349/2017,01/07/2017,01/07/2017,Activo
5157550,3441725,MESA TRAPEZOIDAL PREESCOLAR,,,Sin serie,VERDE,543,1050.00,SEIEM/INV/Salida Almacen/6349/2017,01/07/2017,01/07/2017,Activo
5157551,3441726,MESA TRAPEZOIDAL PREESCOLAR,,,Sin serie,VERDE,544,1050.00,SEIEM/INV/Salida Almacen/6349/2017,01/07/2017,01/07/2017,Activo
5157552,3441727,MESA TRAPEZOIDAL PREESCOLAR,,,Sin serie,VERDE,545,1050.00,SEIEM/INV/Salida Almacen/6349/2017,01/07/2017,01/07/2017,Activo
5157553,3441728,MESA TRAPEZOIDAL PREESCOLAR,,,Sin serie,VERDE,546,1050.00,SEIEM/INV/Salida Almacen/6349/2017,01/07/2017,01/07/2017,Activo
5157554,3441729,MESA TRAPEZOIDAL PREESCOLAR,,,Sin serie,VERDE,547,1050.00,SEIEM/INV/Salida Almacen/6349/2017,01/07/2017,01/07/2017,Activo
5157555,3441730,MESA TRAPEZOIDAL PREESCOLAR,,,Sin serie,VERDE,548,1050.00,SEIEM/INV/Salida Almacen/6349/2017,01/07/2017,01/07/2017,Activo
5157556,3441731,MESA TRAPEZOIDAL PREESCOLAR,,,Sin serie,VERDE,549,1050.00,SEIEM/INV/Salida Almacen/6349/2017,01/07/2017,01/07/2017,Activo
5157557,3441732,MESA TRAPEZOIDAL PREESCOLAR,,,Sin serie,VERDE,550,1050.00,SEIEM/INV/Salida Almacen/6349/2017,01/07/2017,01/07/2017,Activo
5157558,3441733,MESA TRAPEZOIDAL PREESCOLAR,,,Sin serie,VERDE,551,1050.00,SEIEM/INV/Salida Almacen/6349/2017,01/07/2017,01/07/2017,Activo
5157559,3441734,MESA TRAPEZOIDAL PREESCOLAR,,,Sin serie,VERDE,552,1050.00,SEIEM/INV/Salida Almacen/6349/2017,01/07/2017,01/07/2017,Activo
5157560,3441735,SILLA APILABLE NIVEL JARDIN DE NIÑOS,,,Sin serie,VERDE,553,271.00,SEIEM/INV/Salida Almacen/6349/2017,01/07/2017,01/07/2017,Activo
5157561,3441736,SILLA APILABLE NIVEL JARDIN DE NIÑOS,,,Sin serie,VERDE,554,271.00,SEIEM/INV/Salida Almacen/6349/2017,01/07/2017,01/07/2017,Activo
5157562,3441737,SILLA APILABLE NIVEL JARDIN DE NIÑOS,,,Sin serie,VERDE,555,271.00,SEIEM/INV/Salida Almacen/6349/2017,01/07/2017,01/07/2017,Activo
5157563,3441738,SILLA APILABLE NIVEL JARDIN DE NIÑOS,,,Sin serie,VERDE,556,271.00,SEIEM/INV/Salida Almacen/6349/2017,01/07/2017,01/07/2017,Activo
5157564,3441739,SILLA APILABLE NIVEL JARDIN DE NIÑOS,,,Sin serie,VERDE,557,271.00,SEIEM/INV/Salida Almacen/6349/2017,01/07/2017,01/07/2017,Activo
5157565,3441740,SILLA APILABLE NIVEL JARDIN DE NIÑOS,,,Sin serie,VERDE,558,271.00,SEIEM/INV/Salida Almacen/6349/2017,01/07/2017,01/07/2017,Activo
5157566,3441741,SILLA APILABLE NIVEL JARDIN DE NIÑOS,,,Sin serie,VERDE,559,271.00,SEIEM/INV/Salida Almacen/6349/2017,01/07/2017,01/07/2017,Activo
5157567,3441742,SILLA APILABLE NIVEL JARDIN DE NIÑOS,,,Sin serie,VERDE,560,271.00,SEIEM/INV/Salida Almacen/6349/2017,01/07/2017,01/07/2017,Activo
5157568,3441743,SILLA APILABLE NIVEL JARDIN DE NIÑOS,,,Sin serie,VERDE,561,271.00,SEIEM/INV/Salida Almacen/6349/2017,01/07/2017,01/07/2017,Activo
5157569,3441744,SILLA APILABLE NIVEL JARDIN DE NIÑOS,,,Sin serie,VERDE,562,271.00,SEIEM/INV/Salida Almacen/6349/2017,01/07/2017,01/07/2017,Activo
5157570,3441745,SILLA APILABLE NIVEL JARDIN DE NIÑOS,,,Sin serie,VERDE,563,271.00,SEIEM/INV/Salida Almacen/6349/2017,01/07/2017,01/07/2017,Activo
5157571,3441746,SILLA APILABLE NIVEL JARDIN DE NIÑOS,,,Sin serie,VERDE,564,271.00,SEIEM/INV/Salida Almacen/6349/2017,01/07/2017,01/07/2017,Activo
5157572,3441747,SILLA APILABLE NIVEL JARDIN DE NIÑOS,,,Sin serie,VERDE,565,271.00,SEIEM/INV/Salida Almacen/6349/2017,01/07/2017,01/07/2017,Activo
5157573,3441748,SILLA APILABLE NIVEL JARDIN DE NIÑOS,,,Sin serie,VERDE,566,271.00,SEIEM/INV/Salida Almacen/6349/2017,01/07/2017,01/07/2017,Activo
5157574,3441749,SILLA APILABLE NIVEL JARDIN DE NIÑOS,,,Sin serie,VERDE,567,271.00,SEIEM/INV/Salida Almacen/6349/2017,01/07/2017,01/07/2017,Activo
5157575,3441750,SILLA APILABLE NIVEL JARDIN DE NIÑOS,,,Sin serie,VERDE,568,271.00,SEIEM/INV/Salida Almacen/6349/2017,01/07/2017,01/07/2017,Activo
5157576,3441751,SILLA APILABLE NIVEL JARDIN DE NIÑOS,,,Sin serie,VERDE,569,271.00,SEIEM/INV/Salida Almacen/6349/2017,01/07/2017,01/07/2017,Activo
5157577,3441752,SILLA APILABLE NIVEL JARDIN DE NIÑOS,,,Sin serie,VERDE,570,271.00,SEIEM/INV/Salida Almacen/6349/2017,01/07/2017,01/07/2017,Activo
5157578,3441753,SILLA APILABLE NIVEL JARDIN DE NIÑOS,,,Sin serie,VERDE,571,271.00,SEIEM/INV/Salida Almacen/6349/2017,01/07/2017,01/07/2017,Activo
5157579,3441754,SILLA APILABLE NIVEL JARDIN DE NIÑOS,,,Sin serie,VERDE,572,271.00,SEIEM/INV/Salida Almacen/6349/2017,01/07/2017,01/07/2017,Activo
5157580,3441755,SILLA APILABLE NIVEL JARDIN DE NIÑOS,,,Sin serie,VERDE,573,271.00,SEIEM/INV/Salida Almacen/6349/2017,01/07/2017,01/07/2017,Activo
5157581,3441756,SILLA APILABLE NIVEL JARDIN DE NIÑOS,,,Sin serie,VERDE,574,271.00,SEIEM/INV/Salida Almacen/6349/2017,01/07/2017,01/07/2017,Activo
5157582,3441757,SILLA APILABLE NIVEL JARDIN DE NIÑOS,,,Sin serie,VERDE,575,271.00,SEIEM/INV/Salida Almacen/6349/2017,01/07/2017,01/07/2017,Activo
5157583,3441758,SILLA APILABLE NIVEL JARDIN DE NIÑOS,,,Sin serie,VERDE,576,271.00,SEIEM/INV/Salida Almacen/6349/2017,01/07/2017,01/07/2017,Activo
5157584,3441759,SILLA APILABLE NIVEL JARDIN DE NIÑOS,,,Sin serie,VERDE,577,271.00,SEIEM/INV/Salida Almacen/6349/2017,01/07/2017,01/07/2017,Activo
5157585,3441760,SILLA APILABLE NIVEL JARDIN DE NIÑOS,,,Sin serie,VERDE,578,271.00,SEIEM/INV/Salida Almacen/6349/2017,01/07/2017,01/07/2017,Activo
5157586,3441761,SILLA APILABLE NIVEL JARDIN DE NIÑOS,,,Sin serie,VERDE,579,271.00,SEIEM/INV/Salida Almacen/6349/2017,01/07/2017,01/07/2017,Activo
5157587,3441762,SILLA APILABLE NIVEL JARDIN DE NIÑOS,,,Sin serie,VERDE,580,271.00,SEIEM/INV/Salida Almacen/6349/2017,01/07/2017,01/07/2017,Activo
5157588,3441763,SILLA APILABLE NIVEL JARDIN DE NIÑOS,,,Sin serie,VERDE,581,271.00,SEIEM/INV/Salida Almacen/6349/2017,01/07/2017,01/07/2017,Activo
5157589,3441764,SILLA APILABLE NIVEL JARDIN DE NIÑOS,,,Sin serie,VERDE,582,271.00,SEIEM/INV/Salida Almacen/6349/2017,01/07/2017,01/07/2017,Activo
5157590,3441765,SILLA APILABLE NIVEL JARDIN DE NIÑOS,,,Sin serie,VERDE,583,271.00,SEIEM/INV/Salida Almacen/6349/2017,01/07/2017,01/07/2017,Activo
5157591,3441766,SILLA APILABLE NIVEL JARDIN DE NIÑOS,,,Sin serie,VERDE,584,271.00,SEIEM/INV/Salida Almacen/6349/2017,01/07/2017,01/07/2017,Activo
5157592,3441767,SILLA APILABLE NIVEL JARDIN DE NIÑOS,,,Sin serie,VERDE,585,271.00,SEIEM/INV/Salida Almacen/6349/2017,01/07/2017,01/07/2017,Activo
5157593,3441768,SILLA APILABLE NIVEL JARDIN DE NIÑOS,,,Sin serie,VERDE,586,271.00,SEIEM/INV/Salida Almacen/6349/2017,01/07/2017,01/07/2017,Activo
5157594,3441769,SILLA APILABLE NIVEL JARDIN DE NIÑOS,,,Sin serie,VERDE,587,271.00,SEIEM/INV/Salida Almacen/6349/2017,01/07/2017,01/07/2017,Activo
5157595,3441770,SILLA APILABLE NIVEL JARDIN DE NIÑOS,,,Sin serie,VERDE,588,271.00,SEIEM/INV/Salida Almacen/6349/2017,01/07/2017,01/07/2017,Activo
5157596,3441771,SILLA APILABLE NIVEL JARDIN DE NIÑOS,,,Sin serie,VERDE,589,271.00,SEIEM/INV/Salida Almacen/6349/2017,01/07/2017,01/07/2017,Activo
5157597,3441772,SILLA APILABLE NIVEL JARDIN DE NIÑOS,,,Sin serie,VERDE,590,271.00,SEIEM/INV/Salida Almacen/6349/2017,01/07/2017,01/07/2017,Activo
5157598,3441773,SILLA APILABLE NIVEL JARDIN DE NIÑOS,,,Sin serie,VERDE,591,271.00,SEIEM/INV/Salida Almacen/6349/2017,01/07/2017,01/07/2017,Activo
5157599,3441774,SILLA APILABLE NIVEL JARDIN DE NIÑOS,,,Sin serie,VERDE,592,271.00,SEIEM/INV/Salida Almacen/6349/2017,01/07/2017,01/07/2017,Activo
5157600,3441775,SILLA DE MAESTRO,,,Sin serie,VERDE,593,435.00,SEIEM/INV/Salida Almacen/6349/2017,01/07/2017,01/07/2017,Activo
2389917,65363,PINTARRON,0,0,S/S,NO DEFINIDO,594,179.25,SEIEM/INV/Libre/1370/2011,01/01/1995,01/01/1995,Activo
2560627,65364,PROYECTOR TRANSPARENCIAS,KINDERMAN,0,S/S,NO DEFINIDO,595,382.84,SEIEM/INV/Libre/1370/2011,01/01/1995,01/01/1995,Activo
2588390,719582,TAMBOR,0,0,S/S,NO DEFINIDO,596,182.00,SEIEM/INV/Libre/1370/2011,24/07/2000,24/07/2000,Activo
2588391,719583,TAMBOR,0,0,S/S,NO DEFINIDO,597,182.00,SEIEM/INV/Libre/1370/2011,24/07/2000,24/07/2000,Activo
2588392,719584,TAMBOR,0,0,S/S,NO DEFINIDO,598,182.00,SEIEM/INV/Libre/1370/2011,24/07/2000,24/07/2000,Activo
2588393,719585,TAMBOR,0,0,S/S,NO DEFINIDO,599,182.00,SEIEM/INV/Libre/1370/2011,24/07/2000,24/07/2000,Activo
2588394,719586,TAMBOR,0,0,S/S,NO DEFINIDO,600,182.00,SEIEM/INV/Libre/1370/2011,24/07/2000,24/07/2000,Activo
2588395,719587,TAMBOR,0,0,S/S,NO DEFINIDO,601,182.00,SEIEM/INV/Libre/1370/2011,24/07/2000,24/07/2000,Activo
2601692,719588,CORNETA,0,0,S/S,NO DEFINIDO,602,156.67,SEIEM/INV/Libre/1370/2011,24/07/2000,24/07/2000,Activo
2601693,719589,CORNETA,0,0,S/S,NO DEFINIDO,603,156.67,SEIEM/INV/Libre/1370/2011,24/07/2000,24/07/2000,Activo
2601694,719590,CORNETA,0,0,S/S,NO DEFINIDO,604,156.67,SEIEM/INV/Libre/1370/2011,24/07/2000,24/07/2000,Activo
2601695,719591,CORNETA,0,0,S/S,NO DEFINIDO,605,156.67,SEIEM/INV/Libre/1370/2011,24/07/2000,24/07/2000,Activo
2601696,719592,CORNETA,0,0,S/S,NO DEFINIDO,606,156.67,SEIEM/INV/Libre/1370/2011,24/07/2000,24/07/2000,Activo
2601697,719593,CORNETA,0,0,S/S,NO DEFINIDO,607,156.67,SEIEM/INV/Libre/1370/2011,24/07/2000,24/07/2000,Activo
2601698,719594,CORNETA,0,0,S/S,NO DEFINIDO,608,156.67,SEIEM/INV/Libre/1370/2011,24/07/2000,24/07/2000,Activo
753,,,,,,,,,,,,
